"VENTA";"PROYECTO";"MONEDA";"ESTADO ACTUAL";"ESTADO CALCULADO";"SALDO COMERCIAL";"SALDO CONTABLE";"DIF. SALDOS"
"8612";"CIUDAD DE DIOS LUJAN";"USD";"Pendiente";"Pendiente";"8544.84";"8544.84";"OK";""
"8613";"CIUDAD DE DIOS LUJAN";"USD";"Pendiente";"Pendiente";"10355.9";"10355.9";"OK";""
"8614";"CIUDAD DE DIOS LUJAN";"USD";"Retenido";"Pendiente";"9175.4";"9175.4";"OK";""
"8615";"CIUDAD DE DIOS BISITO";"USD";"Retenido";"Pendiente";"6327.94";"6327.94";"OK";""
"8616";"CIUDAD DE DIOS LUJAN";"USD";"Retenido";"Pendiente";"9781.3";"9781.3";"OK";""
"8617";"CIUDAD DE DIOS LUJAN";"USD";"Retenido";"Pendiente";"14637.42";"14637.42";"OK";""
"8618";"CIUDAD DE DIOS LUJAN";"USD";"Retenido";"Pendiente";"14675.2";"14675.2";"OK";""
"8619";"CIUDAD DE DIOS LUJAN";"USD";"Pendiente";"Pendiente";"12515.06";"12515.06";"OK";""
"8620";"CIUDAD DE DIOS LUJAN";"USD";"Retenido";"Pendiente";"10835.43";"10835.43";"OK";""
"8621";"CIUDAD DE DIOS LUJAN";"USD";"Pendiente";"Pendiente";"13040.56";"13040.56";"OK";""
"8622";"CIUDAD DE DIOS LUJAN";"USD";"Pendiente";"Pendiente";"10047.08";"10047.08";"OK";""
"8623";"CIUDAD DE DIOS LUJAN";"USD";"Retenido";"Pendiente";"12372.18";"12372.18";"OK";""
"8624";"CIUDAD DE DIOS LUJAN";"USD";"Pendiente";"Pendiente";"10601.76";"10601.76";"OK";""
"8625";"CIUDAD DE DIOS LUJAN";"USD";"Retenido";"Pendiente";"11849.04";"11849.04";"OK";""
"8626";"CIUDAD DE DIOS LUJAN";"USD";"Pendiente";"Pendiente";"8988.88";"8988.88";"OK";""
"8627";"CIUDAD DE DIOS LUJAN";"USD";"Pendiente";"Pendiente";"8988.88";"8988.88";"OK";""
"8628";"CIUDAD DE DIOS LUJAN";"USD";"Pendiente";"Pendiente";"8988.88";"8988.88";"OK";""
"8629";"CIUDAD DE DIOS LUJAN";"USD";"Retenido";"Pendiente";"11155.9";"11155.9";"OK";""
"8630";"CIUDAD DE DIOS LUJAN";"USD";"Pendiente";"Pendiente";"11379.86";"11379.86";"OK";""
"8631";"CIUDAD DE DIOS LUJAN";"USD";"Retenido";"Pendiente";"10088.15";"10088.15";"OK";""
"8632";"CIUDAD DE DIOS LUJAN";"USD";"Pendiente";"Pendiente";"8049.24";"8049.24";"OK";""
"8633";"CIUDAD DE DIOS BISITO";"USD";"Pendiente";"Pendiente";"9501.87";"9501.87";"OK";""
"8634";"CIUDAD DE DIOS BISITO";"USD";"Retenido";"Pendiente";"6327.94";"6327.94";"OK";""
"8635";"CIUDAD DE DIOS BISITO";"USD";"Pendiente";"Pendiente";"7735.09";"7735.09";"OK";""
"8636";"CIUDAD DE DIOS BISITO";"USD";"Retenido";"Pendiente";"6327.94";"6327.94";"OK";""
"8637";"CIUDAD DE DIOS LUJAN";"USD";"Pendiente";"Pendiente";"8326.77";"8326.77";"OK";""
"8638";"CIUDAD DE DIOS LUJAN";"USD";"Pendiente";"Pendiente";"13379.55";"13379.55";"OK";""
"8639";"CIUDAD DE DIOS LUJAN";"USD";"Pendiente";"Pendiente";"10767.62";"10767.62";"OK";""
"8640";"CIUDAD DE DIOS LUJAN";"USD";"Pendiente";"Pendiente";"9778.97";"9778.97";"OK";""
"8641";"CIUDAD DE DIOS LUJAN";"USD";"Pendiente";"Pendiente";"9220.67";"9220.67";"OK";""
"8642";"CIUDAD DE DIOS LUJAN";"USD";"Pendiente";"Pendiente";"9600.05";"9600.05";"OK";""
"8643";"CIUDAD DE DIOS LUJAN";"USD";"Pendiente";"Pendiente";"9714.51";"9714.51";"OK";""
"8644";"CIUDAD DE DIOS BISITO";"USD";"Pendiente";"Pendiente";"8232.93";"8232.93";"OK";""
"8645";"CIUDAD DE DIOS BISITO";"USD";"Pendiente";"Pendiente";"8624.88";"8624.88";"OK";""
"8646";"CIUDAD DE DIOS BISITO";"USD";"Pendiente";"Pendiente";"8232.93";"8232.93";"OK";""
"8647";"CIUDAD DE DIOS LUJAN";"USD";"Retenido";"Pendiente";"13948.38";"13948.38";"OK";""
"8648";"CIUDAD DE DIOS BISITO";"USD";"Pendiente";"Pendiente";"10848.44";"10848.44";"OK";""
"8649";"CIUDAD DE DIOS LUJAN";"USD";"Pendiente";"Pendiente";"10786.89";"10786.89";"OK";""
"8650";"CIUDAD DE DIOS LUJAN";"USD";"Pendiente";"Pendiente";"8238.59";"8238.59";"OK";""
"8651";"CIUDAD DE DIOS LUJAN";"USD";"Pendiente";"Pendiente";"9509.55";"9509.55";"OK";""
"8652";"CIUDAD DE DIOS BISITO";"USD";"Retenido";"Pendiente";"6182.39";"6182.39";"OK";""
"8653";"CIUDAD DE DIOS BISITO";"USD";"Retenido";"Pendiente";"6327.94";"6327.94";"OK";""
"8654";"CIUDAD DE DIOS BISITO";"USD";"Pendiente";"Pendiente";"6564.42";"6564.42";"OK";""
"8655";"CIUDAD DE DIOS LUJAN";"USD";"Pendiente";"Pendiente";"8941.96";"8941.96";"OK";""
"8656";"CIUDAD DE DIOS BISITO";"USD";"Retenido";"Pendiente";"8011.5";"8011.5";"OK";""
"8657";"CIUDAD DE DIOS BISITO";"USD";"Pendiente";"Pendiente";"13003.35";"13003.35";"OK";""
"8658";"CIUDAD DE DIOS BISITO";"USD";"Pendiente";"Pendiente";"6741.53";"6741.53";"OK";""
"8659";"CIUDAD DE DIOS BISITO";"USD";"Pendiente";"Pendiente";"9935.44";"9935.44";"OK";""
"8660";"OKINAWA";"USD";"Retenido";"Pendiente";"3558.49";"3558.49";"OK";""
"8661";"CIUDAD DE DIOS LUJAN";"USD";"Pendiente";"Pendiente";"8055.26";"8055.26";"OK";""
"8662";"OKINAWA";"USD";"Retenido";"Pendiente";"3725.33";"3725.33";"OK";""
"8663";"CIUDAD DE DIOS LUJAN";"USD";"Pendiente";"Pendiente";"11927.24";"11927.24";"OK";""
"8664";"CIUDAD DE DIOS LUJAN";"USD";"Pendiente";"Pendiente";"8667.98";"8667.98";"OK";""
"8665";"CIUDAD DE DIOS LUJAN";"USD";"Pendiente";"Pendiente";"15052.27";"15052.27";"OK";""
"8666";"OKINAWA";"USD";"Pendiente";"Pendiente";"3610.88";"3610.88";"OK";""
"8667";"OKINAWA";"USD";"Pendiente";"Pendiente";"3317.25";"3317.25";"OK";""
"8668";"CIUDAD DE DIOS BISITO";"USD";"Pendiente";"Pendiente";"7165.4";"7165.4";"OK";""
"8669";"OKINAWA";"USD";"Pendiente";"Pendiente";"3377.56";"3377.56";"OK";""
"8670";"OKINAWA";"USD";"Retenido";"Pendiente";"3546.4";"3546.4";"OK";""
"8671";"CIUDAD DE DIOS LUJAN";"USD";"Retenido";"Pendiente";"8513.61";"8513.61";"OK";""
"8672";"OKINAWA";"USD";"Retenido";"Pendiente";"4342.32";"4342.32";"OK";""
"8673";"OKINAWA";"USD";"Retenido";"Pendiente";"3498.16";"3498.16";"OK";""
"8674";"OKINAWA";"USD";"Pendiente";"Pendiente";"4425.88";"4425.88";"OK";""
"8675";"CIUDAD DE DIOS LUJAN";"USD";"Pendiente";"Pendiente";"14064.51";"14064.51";"OK";""
"8676";"CIUDAD DE DIOS LUJAN";"USD";"Pendiente";"Pendiente";"14250.55";"14250.55";"OK";""
"8677";"CIUDAD DE DIOS BISITO";"USD";"Pendiente";"Pendiente";"6437.08";"6437.08";"OK";""
"8678";"CIUDAD DE DIOS BISITO";"USD";"Pendiente";"Pendiente";"7594.22";"7594.22";"OK";""
"8679";"OKINAWA";"USD";"Pendiente";"Pendiente";"4346.85";"4346.85";"OK";""
"8680";"CIUDAD DE DIOS BISITO";"USD";"Retenido";"Pendiente";"7492.04";"7492.04";"OK";""
"8681";"OKINAWA";"USD";"Pendiente";"Pendiente";"5278.15";"5278.15";"OK";""
"8682";"CIUDAD DE DIOS LUJAN";"USD";"Retenido";"Pendiente";"14788.19";"14788.19";"OK";""
"8683";"CIUDAD DE DIOS LUJAN";"USD";"Retenido";"Pendiente";"14783.6";"14783.6";"OK";""
"8684";"CIUDAD DE DIOS BISITO";"USD";"Pendiente";"Pendiente";"6004";"6004";"OK";""
"8685";"OKINAWA";"USD";"Cambiado";"Pendiente";"4863.8";"4863.8";"OK";""
"8686";"OKINAWA";"USD";"Retenido";"Pendiente";"4566.58";"4566.58";"OK";""
"8687";"CIUDAD DE DIOS LUJAN";"USD";"Pendiente";"Pendiente";"8513.61";"8513.61";"OK";""
"8688";"CIUDAD DE DIOS LUJAN";"USD";"Retenido";"Pendiente";"9306.64";"9306.64";"OK";""
"8689";"OKINAWA";"USD";"Pendiente";"Pendiente";"3675.28";"3675.28";"OK";""
"8690";"OKINAWA";"USD";"Retenido";"Pendiente";"3803.8";"3803.8";"OK";""
"8691";"CIUDAD DE DIOS LUJAN";"USD";"Retenido";"Pendiente";"10173.63";"10173.63";"OK";""
"8692";"CIUDAD DE DIOS LUJAN";"USD";"Pendiente";"Pendiente";"12837.76";"12837.76";"OK";""
"8693";"CIUDAD DE DIOS BISITO";"USD";"Pendiente";"Pendiente";"7492.04";"7492.04";"OK";""
"8694";"CIUDAD DE DIOS LUJAN";"USD";"Retenido";"Pendiente";"8204.03";"8204.03";"OK";""
"8695";"CIUDAD DE DIOS BISITO";"USD";"Pendiente";"Pendiente";"6102.78";"6102.78";"OK";""
"8696";"CIUDAD DE DIOS LUJAN";"USD";"Pendiente";"Pendiente";"8055.26";"8055.26";"OK";""
"8697";"CIUDAD DE DIOS LUJAN";"USD";"Pendiente";"Pendiente";"8623.19";"8623.19";"OK";""
"8698";"CIUDAD DE DIOS LUJAN";"USD";"Retenido";"Pendiente";"15216.25";"15216.25";"OK";""
"8699";"CIUDAD DE DIOS BISITO";"USD";"Pendiente";"Pendiente";"7164.21";"7164.21";"OK";""
"8700";"CIUDAD DE DIOS LUJAN";"USD";"Fusionado";"Pendiente";"15052.27";"15052.27";"OK";""
"8701";"CIUDAD DE DIOS LUJAN";"USD";"Pendiente";"Pendiente";"9461.31";"9461.31";"OK";""
"8702";"CIUDAD DE DIOS LUJAN";"USD";"Pendiente";"Pendiente";"13081.87";"13081.87";"OK";""
"8703";"OKINAWA";"USD";"Retenido";"Pendiente";"3610.35";"3610.35";"OK";""
"8704";"OKINAWA";"USD";"Pendiente";"Pendiente";"3256.94";"3256.94";"OK";""
"8705";"CIUDAD DE DIOS LUJAN";"USD";"Pendiente";"Pendiente";"8856.53";"8856.53";"OK";""
"8706";"OKINAWA";"USD";"Retenido";"Pendiente";"3746.77";"3746.77";"OK";""
"8707";"OKINAWA";"USD";"Retenido";"Pendiente";"3675.2";"3675.2";"OK";""
"8708";"CIUDAD DE DIOS LUJAN";"USD";"Retenido";"Pendiente";"9497.71";"9497.71";"OK";""
"8709";"OKINAWA";"USD";"Retenido";"Pendiente";"3675.36";"3675.36";"OK";""
"8710";"OKINAWA";"USD";"Retenido";"Pendiente";"3739.68";"3739.68";"OK";""
"8711";"CIUDAD DE DIOS LUJAN";"USD";"Retenido";"Pendiente";"10835.43";"10835.43";"OK";""
"8712";"CIUDAD DE DIOS LUJAN";"USD";"Retenido";"Pendiente";"10648.61";"10648.61";"OK";""
"8713";"OKINAWA";"USD";"Pendiente";"Pendiente";"3610.88";"3610.88";"OK";""
"8714";"OKINAWA";"USD";"Pendiente";"Pendiente";"3610.88";"3610.88";"OK";""
"8715";"OKINAWA";"USD";"Pendiente";"Pendiente";"6068.34";"6068.34";"OK";""
"8716";"CIUDAD DE DIOS BISITO";"USD";"Retenido";"Pendiente";"7893.41";"7893.41";"OK";""
"8717";"OKINAWA";"USD";"Pendiente";"Pendiente";"3610.88";"3610.88";"OK";""
"8718";"CIUDAD DE DIOS BISITO";"USD";"Retenido";"Pendiente";"8301.74";"8301.74";"OK";""
"8719";"OKINAWA";"USD";"Retenido";"Pendiente";"4952.23";"4952.23";"OK";""
"8720";"OKINAWA";"USD";"Retenido";"Pendiente";"3558.49";"3558.49";"OK";""
"8721";"OKINAWA";"USD";"Retenido";"Pendiente";"3797.06";"3797.06";"OK";""
"8722";"OKINAWA";"USD";"Retenido";"Pendiente";"3437.87";"3437.87";"OK";""
"8723";"CIUDAD DE DIOS LUJAN";"USD";"Pendiente";"Pendiente";"8792.11";"8792.11";"OK";""
"8724";"CIUDAD DE DIOS LUJAN";"USD";"Retenido";"Pendiente";"12075.54";"12075.54";"OK";""
"8725";"CIUDAD DE DIOS LUJAN";"USD";"Pagado";"Pendiente";"11717.29";"11717.29";"OK";""
"8726";"CIUDAD DE DIOS LUJAN";"USD";"Retenido";"Pendiente";"9008.57";"9008.57";"OK";""
"8727";"CIUDAD DE DIOS LUJAN";"USD";"Retenido";"Pendiente";"8358.82";"8358.82";"OK";""
"8728";"CIUDAD DE DIOS LUJAN";"USD";"Pendiente";"Pendiente";"12994.61";"12994.61";"OK";""
"8729";"CIUDAD DE DIOS LUJAN";"USD";"Retenido";"Pendiente";"12134.98";"12134.98";"OK";""
"8730";"CIUDAD DE DIOS LUJAN";"USD";"Pendiente";"Pendiente";"11905.37";"11905.37";"OK";""
"8731";"CIUDAD DE DIOS LUJAN";"USD";"Pendiente";"Pendiente";"7306.95";"7306.95";"OK";""
"8732";"CIUDAD DE DIOS LUJAN";"USD";"Retenido";"Pendiente";"8569.59";"8569.59";"OK";""
"8733";"CIUDAD DE DIOS LUJAN";"USD";"Pendiente";"Pendiente";"9789.23";"9789.23";"OK";""
"8734";"CIUDAD DE DIOS LUJAN";"USD";"Pendiente";"Pendiente";"13417.3";"13417.3";"OK";""
"8735";"CIUDAD DE DIOS LUJAN";"USD";"Retenido";"Pendiente";"11681.16";"11681.16";"OK";""
"8736";"CIUDAD DE DIOS LUJAN";"USD";"Retenido";"Pendiente";"11681.16";"11681.16";"OK";""
"8737";"CIUDAD DE DIOS LUJAN";"USD";"Retenido";"Pendiente";"9306.48";"9306.48";"OK";""
"8738";"CIUDAD DE DIOS LUJAN";"USD";"Retenido";"Pendiente";"12466.91";"12466.91";"OK";""
"8739";"CIUDAD DE DIOS LUJAN";"USD";"Retenido";"Pendiente";"9982.4";"9982.4";"OK";""
"8740";"CIUDAD DE DIOS LUJAN";"USD";"Retenido";"Pendiente";"8887.36";"8887.36";"OK";""
"8741";"CIUDAD DE DIOS LUJAN";"USD";"Retenido";"Pendiente";"9306.48";"9306.48";"OK";""
"8742";"CIUDAD DE DIOS LUJAN";"USD";"Retenido";"Pendiente";"9550.8";"9550.8";"OK";""
"8743";"CIUDAD DE DIOS LUJAN";"USD";"Retenido";"Pendiente";"8133.04";"8133.04";"OK";""
"8744";"CIUDAD DE DIOS LUJAN";"USD";"Pendiente";"Pendiente";"8250.52";"8250.52";"OK";""
"8745";"CIUDAD DE DIOS LUJAN";"USD";"Retenido";"Pendiente";"8388.72";"8388.72";"OK";""
"8746";"CIUDAD DE DIOS LUJAN";"USD";"Retenido";"Pendiente";"8739.82";"8739.82";"OK";""
"8747";"LA QUINTA";"USD";"Retenido";"Pendiente";"19493.39";"19493.39";"OK";""
"8748";"CIUDAD DE DIOS LUJAN";"USD";"Pendiente";"Pendiente";"8577.29";"8577.29";"OK";""
"8749";"CIUDAD DE DIOS LUJAN";"USD";"Retenido";"Pendiente";"9873";"9873";"OK";""
"8750";"LA QUINTA";"USD";"Retenido";"Pendiente";"21885.06";"21885.06";"OK";""
"8751";"LA QUINTA";"USD";"Retenido";"Pendiente";"21281.7";"21281.7";"OK";""
"8752";"CIUDAD DE DIOS LUJAN";"USD";"Retenido";"Pendiente";"11992.6";"11992.6";"OK";""
"8753";"CIUDAD DE DIOS LUJAN";"USD";"Pendiente";"Pendiente";"7378.62";"7378.62";"OK";""
"8754";"CIUDAD DE DIOS LUJAN";"USD";"Cambiado";"Pendiente";"9309.96";"9309.96";"OK";""
"8755";"CIUDAD DE DIOS LUJAN";"USD";"Retenido";"Pendiente";"8617.2";"8617.2";"OK";""
"8756";"CIUDAD DE DIOS LUJAN";"USD";"Retenido";"Pendiente";"9922.73";"9922.73";"OK";""
"8757";"CIUDAD DE DIOS LUJAN";"USD";"Pendiente";"Pendiente";"7532.34";"7532.34";"OK";""
"8758";"CIUDAD DE DIOS LUJAN";"USD";"Retenido";"Pendiente";"10715.92";"10715.92";"OK";""
"8759";"CIUDAD DE DIOS LUJAN";"USD";"Pendiente";"Pendiente";"7558.99";"7558.99";"OK";""
"8760";"CIUDAD DE DIOS LUJAN";"USD";"Retenido";"Pendiente";"11390.26";"11390.26";"OK";""
"8761";"CIUDAD DE DIOS LUJAN";"USD";"Pendiente";"Pendiente";"9869.21";"9869.21";"OK";""
"8762";"CIUDAD DE DIOS LUJAN";"USD";"Retenido";"Pendiente";"7867.53";"7867.53";"OK";""
"8763";"CIUDAD DE DIOS LUJAN";"USD";"Pendiente";"Pendiente";"8597.4";"8597.4";"OK";""
"8764";"CIUDAD DE DIOS LUJAN";"USD";"Pendiente";"Pendiente";"8577.29";"8577.29";"OK";""
"8765";"CIUDAD DE DIOS LUJAN";"USD";"Retenido";"Pendiente";"8793.15";"8793.15";"OK";""
"8766";"CIUDAD DE DIOS LUJAN";"USD";"Retenido";"Pendiente";"8638.88";"8638.88";"OK";""
"8767";"CIUDAD DE DIOS LUJAN";"USD";"Pendiente";"Pendiente";"7867.4";"7867.4";"OK";""
"8768";"CIUDAD DE DIOS LUJAN";"USD";"Pendiente";"Pendiente";"8171.69";"8171.69";"OK";""
"8769";"CIUDAD DE DIOS LUJAN";"USD";"Retenido";"Pendiente";"11444.03";"11444.03";"OK";""
"8770";"CIUDAD DE DIOS LUJAN";"USD";"Pendiente";"Pendiente";"7839.78";"7839.78";"OK";""
"8771";"LA QUINTA";"USD";"Retenido";"Pendiente";"18268.88";"18268.88";"OK";""
"8772";"CIUDAD DE DIOS LUJAN";"USD";"Retenido";"Pendiente";"10503.63";"10503.63";"OK";""
"8773";"CIUDAD DE DIOS LUJAN";"USD";"Pendiente";"Pendiente";"10719.17";"10719.17";"OK";""
"8774";"CIUDAD DE DIOS LUJAN";"USD";"Pendiente";"Pendiente";"11991.27";"11991.27";"OK";""
"8775";"CIUDAD DE DIOS LUJAN";"USD";"Retenido";"Pendiente";"10298.1";"10298.1";"OK";""
"8776";"CIUDAD DE DIOS LUJAN";"USD";"Retenido";"Pendiente";"10516.92";"10516.92";"OK";""
"8777";"CIUDAD DE DIOS LUJAN";"USD";"Pendiente";"Pendiente";"7346.47";"7346.47";"OK";""
"8778";"CIUDAD DE DIOS LUJAN";"USD";"Pendiente";"Pendiente";"7532.34";"7532.34";"OK";""
"8779";"CIUDAD DE DIOS LUJAN";"USD";"Pendiente";"Pendiente";"12626.62";"12626.62";"OK";""
"8780";"CIUDAD DE DIOS LUJAN";"USD";"Pendiente";"Pendiente";"7993.5";"7993.5";"OK";""
"8781";"CIUDAD DE DIOS LUJAN";"USD";"Pendiente";"Pendiente";"7378.62";"7378.62";"OK";""
"8782";"LA QUINTA";"USD";"Pendiente";"Pendiente";"3913.33";"3913.33";"OK";""
"8783";"CIUDAD DE DIOS LUJAN";"USD";"Retenido";"Pendiente";"8213.79";"8213.79";"OK";""
"8784";"CIUDAD DE DIOS LUJAN";"USD";"Retenido";"Pendiente";"9922.73";"9922.73";"OK";""
"8785";"CIUDAD DE DIOS LUJAN";"USD";"Pendiente";"Pendiente";"7531.78";"7531.78";"OK";""
"8786";"CIUDAD DE DIOS LUJAN";"USD";"Retenido";"Pendiente";"9586.37";"9586.37";"OK";""
"8787";"CIUDAD DE DIOS LUJAN";"USD";"Retenido";"Retenido";"0";"0";"OK";""
"8788";"CIUDAD DE DIOS LUJAN";"USD";"Retenido";"Pendiente";"9473.47";"9473.47";"OK";""
"8789";"CIUDAD DE DIOS LUJAN";"USD";"Pendiente";"Pendiente";"9123.76";"9123.76";"OK";""
"8790";"CIUDAD DE DIOS LUJAN";"USD";"Retenido";"Pendiente";"10709.74";"10709.74";"OK";""
"8791";"CIUDAD DE DIOS LUJAN";"USD";"Pendiente";"Pendiente";"7378.62";"7378.62";"OK";""
"8792";"CIUDAD DE DIOS LUJAN";"USD";"Pendiente";"Pendiente";"9769.16";"9769.16";"OK";""
"8793";"CIUDAD DE DIOS BISITO";"USD";"Retenido";"Pendiente";"8158.61";"8158.61";"OK";""
"8794";"CIUDAD DE DIOS BISITO";"USD";"Pendiente";"Pendiente";"5259.2";"5259.2";"OK";""
"8795";"CIUDAD DE DIOS BISITO";"USD";"Pendiente";"Pendiente";"5993.8";"5993.8";"OK";""
"8796";"CIUDAD DE DIOS BISITO";"USD";"Retenido";"Pendiente";"5785.1";"5785.1";"OK";""
"8797";"CIUDAD DE DIOS BISITO";"USD";"Pendiente";"Pendiente";"5785.1";"5785.1";"OK";""
"8798";"CIUDAD DE DIOS LUJAN";"USD";"Pendiente";"Pendiente";"9633.63";"9633.63";"OK";""
"8799";"OKINAWA";"USD";"Retenido";"Pendiente";"5839.15";"5839.15";"OK";""
"8800";"OKINAWA";"USD";"Pendiente";"Pendiente";"6158.3";"6158.3";"OK";""
"8801";"CIUDAD DE DIOS LUJAN";"USD";"Pendiente";"Pendiente";"8513.61";"8513.61";"OK";""
"8802";"CIUDAD DE DIOS LUJAN";"USD";"Pendiente";"Pendiente";"12936.22";"12936.22";"OK";""
"8803";"CIUDAD DE DIOS LUJAN";"USD";"Pendiente";"Pendiente";"12303.32";"12303.32";"OK";""
"8804";"CIUDAD DE DIOS BISITO";"USD";"Pendiente";"Pendiente";"8015.48";"8015.48";"OK";""
"8805";"CIUDAD DE DIOS LUJAN";"USD";"Pendiente";"Pendiente";"10338.19";"10338.19";"OK";""
"8806";"CIUDAD DE DIOS LUJAN";"USD";"Pendiente";"Pendiente";"9619.22";"9619.22";"OK";""
"8807";"OKINAWA";"USD";"Retenido";"Pendiente";"8758.09";"8758.09";"OK";""
"8808";"LA QUINTA";"USD";"Pendiente";"Pendiente";"18112.76";"18112.76";"OK";""
"8809";"OKINAWA";"USD";"Pendiente";"Pendiente";"3256.94";"3256.94";"OK";""
"8810";"LA QUINTA";"USD";"Pendiente";"Pendiente";"18112.76";"18112.76";"OK";""
"8811";"CIUDAD DE DIOS BISITO";"USD";"Pendiente";"Pendiente";"5679.28";"5679.28";"OK";""
"8812";"CIUDAD DE DIOS LUJAN";"USD";"Retenido";"Pendiente";"17948.52";"17948.52";"OK";""
"8813";"CIUDAD DE DIOS LUJAN";"USD";"Retenido";"Pendiente";"17948.52";"17948.52";"OK";""
"8814";"CIUDAD DE DIOS LUJAN";"USD";"Pendiente";"Pendiente";"8660.72";"8660.72";"OK";""
"8815";"CIUDAD DE DIOS LUJAN";"USD";"Pendiente";"Pendiente";"9279.4";"9279.4";"OK";""
"8816";"OKINAWA";"USD";"Retenido";"Pendiente";"3317.33";"3317.33";"OK";""
"8817";"CIUDAD DE DIOS LUJAN";"USD";"Retenido";"Pendiente";"8821.1";"8821.1";"OK";""
"8818";"CIUDAD DE DIOS LUJAN";"USD";"Pendiente";"Pendiente";"12528.14";"12528.14";"OK";""
"8819";"OKINAWA";"USD";"Retenido";"Pendiente";"8926.56";"8926.56";"OK";""
"8820";"OKINAWA";"USD";"Retenido";"Pendiente";"8926.56";"8926.56";"OK";""
"8821";"OKINAWA";"USD";"Pendiente";"Pendiente";"4263.39";"4263.39";"OK";""
"8822";"CIUDAD DE DIOS BISITO";"USD";"Pendiente";"Pendiente";"8043.92";"8043.92";"OK";""
"8823";"CIUDAD DE DIOS BISITO";"USD";"Pendiente";"Pendiente";"7729.22";"7729.22";"OK";""
"8824";"CIUDAD DE DIOS BISITO";"USD";"Pendiente";"Pendiente";"7729.22";"7729.22";"OK";""
"8825";"CIUDAD DE DIOS LUJAN";"USD";"Pendiente";"Pendiente";"13067.97";"13067.97";"OK";""
"8826";"CIUDAD DE DIOS BISITO";"USD";"Pendiente";"Pendiente";"5679.92";"5679.92";"OK";""
"8827";"OKINAWA";"USD";"Pendiente";"Pendiente";"5732.98";"5732.98";"OK";""
"8828";"CIUDAD DE DIOS LUJAN";"USD";"Retenido";"Pendiente";"8055.26";"8055.26";"OK";""
"8829";"CIUDAD DE DIOS LUJAN";"USD";"Retenido";"Pendiente";"13652.46";"13652.46";"OK";""
"8830";"OKINAWA";"USD";"Pendiente";"Pendiente";"5732.98";"5732.98";"OK";""
"8831";"OKINAWA";"USD";"Pendiente";"Pendiente";"5732.98";"5732.98";"OK";""
"8832";"OKINAWA";"USD";"Pendiente";"Pendiente";"6860.51";"6860.51";"OK";""
"8833";"OKINAWA";"USD";"Retenido";"Pendiente";"6272.34";"6272.34";"OK";""
"8834";"CIUDAD DE DIOS BISITO";"USD";"Pendiente";"Pendiente";"9334.35";"9334.35";"OK";""
"8835";"CIUDAD DE DIOS LUJAN";"USD";"Retenido";"Pendiente";"9287.41";"9287.41";"OK";""
"8836";"CIUDAD DE DIOS LUJAN";"USD";"Retenido";"Pendiente";"13887.85";"13887.85";"OK";""
"8837";"CIUDAD DE DIOS BISITO";"USD";"Pendiente";"Pendiente";"5785.1";"5785.1";"OK";""
"8838";"CIUDAD DE DIOS BISITO";"USD";"Pendiente";"Pendiente";"5785.1";"5785.1";"OK";""
"8839";"CIUDAD DE DIOS LUJAN";"USD";"Retenido";"Pendiente";"13887.85";"13887.85";"OK";""
"8840";"OKINAWA";"USD";"Retenido";"Pendiente";"5344.18";"5344.18";"OK";""
"8841";"CIUDAD DE DIOS LUJAN";"USD";"Retenido";"Pendiente";"11397.48";"11397.48";"OK";""
"8842";"CIUDAD DE DIOS LUJAN";"USD";"Pendiente";"Pendiente";"17628.01";"17628.01";"OK";""
"8843";"CIUDAD DE DIOS LUJAN";"USD";"Pendiente";"Pendiente";"7908.27";"7908.27";"OK";""
"8844";"OKINAWA";"USD";"Pendiente";"Pendiente";"12383.24";"12383.24";"OK";""
"8845";"CIUDAD DE DIOS BISITO";"USD";"Retenido";"Pendiente";"5995.46";"5995.46";"OK";""
"8846";"CIUDAD DE DIOS LUJAN";"USD";"Retenido";"Pendiente";"14229.38";"14229.38";"OK";""
"8847";"CIUDAD DE DIOS LUJAN";"USD";"Retenido";"Pendiente";"14229.73";"14229.73";"OK";""
"8848";"CIUDAD DE DIOS LUJAN";"USD";"Retenido";"Pendiente";"14236.99";"14236.99";"OK";""
"8849";"CIUDAD DE DIOS LUJAN";"USD";"Pendiente";"Pendiente";"8055.26";"8055.26";"OK";""
"8850";"CIUDAD DE DIOS LUJAN";"USD";"Retenido";"Pendiente";"9302.24";"9302.24";"OK";""
"8851";"CIUDAD DE DIOS BISITO";"USD";"Pendiente";"Pendiente";"9725.45";"9725.45";"OK";""
"8852";"OKINAWA";"USD";"Pendiente";"Pendiente";"5344.18";"5344.18";"OK";""
"8853";"OKINAWA";"USD";"Pendiente";"Pendiente";"4108.86";"4108.86";"OK";""
"8854";"OKINAWA";"USD";"Pendiente";"Pendiente";"4775.37";"4775.37";"OK";""
"8855";"CIUDAD DE DIOS LUJAN";"USD";"Pendiente";"Pendiente";"9652.43";"9652.43";"OK";""
"8856";"OKINAWA";"USD";"Retenido";"Pendiente";"3256.94";"3256.94";"OK";""
"8857";"OKINAWA";"USD";"Retenido";"Pendiente";"6051.49";"6051.49";"OK";""
"8858";"CIUDAD DE DIOS BISITO";"USD";"Pendiente";"Pendiente";"5785.1";"5785.1";"OK";""
"8859";"OKINAWA";"USD";"Retenido";"Pendiente";"5740.06";"5740.06";"OK";""
"8860";"OKINAWA";"USD";"Pagado";"Pendiente";"4163.19";"4163.19";"OK";""
"8861";"CIUDAD DE DIOS BISITO";"USD";"Pendiente";"Pendiente";"6651.48";"6651.48";"OK";""
"8862";"LA QUINTA";"USD";"Pendiente";"Pendiente";"22187.35";"22187.35";"OK";""
"8863";"CIUDAD DE DIOS LUJAN";"USD";"Retenido";"Pendiente";"15639.73";"15639.73";"OK";""
"8864";"CIUDAD DE DIOS BISITO";"USD";"Pendiente";"Pendiente";"9419.04";"9419.04";"OK";""
"8865";"CIUDAD DE DIOS BISITO";"USD";"Pendiente";"Pendiente";"7277.2";"7277.2";"OK";""
"8866";"CIUDAD DE DIOS LUJAN";"USD";"Retenido";"Pendiente";"8348.18";"8348.18";"OK";""
"8867";"CIUDAD DE DIOS BISITO";"USD";"Pendiente";"Pendiente";"7719";"7719";"OK";""
"8868";"CIUDAD DE DIOS BISITO";"USD";"Pendiente";"Pendiente";"7492.04";"7492.04";"OK";""
"8869";"CIUDAD DE DIOS LUJAN";"USD";"Retenido";"Pendiente";"13346.84";"13346.84";"OK";""
"8870";"OKINAWA";"USD";"Retenido";"Pendiente";"8458.26";"8458.26";"OK";""
"8871";"OKINAWA";"USD";"Retenido";"Pendiente";"5740.06";"5740.06";"OK";""
"8872";"CIUDAD DE DIOS BISITO";"USD";"Retenido";"Pendiente";"10234.6";"10234.6";"OK";""
"8873";"CIUDAD DE DIOS LUJAN";"USD";"Pendiente";"Pendiente";"8204.03";"8204.03";"OK";""
"8874";"CIUDAD DE DIOS LUJAN";"USD";"Retenido";"Pendiente";"8204.03";"8204.03";"OK";""
"8875";"CIUDAD DE DIOS LUJAN";"USD";"Pendiente";"Pendiente";"8204.03";"8204.03";"OK";""
"8876";"CIUDAD DE DIOS LUJAN";"USD";"Pendiente";"Pendiente";"13415.04";"13415.04";"OK";""
"8877";"CIUDAD DE DIOS LUJAN";"USD";"Retenido";"Pendiente";"8977.98";"8977.98";"OK";""
"8878";"CIUDAD DE DIOS LUJAN";"USD";"Pendiente";"Pendiente";"8054.72";"8054.72";"OK";""
"8879";"CIUDAD DE DIOS LUJAN";"USD";"Retenido";"Pendiente";"11238.29";"11238.29";"OK";""
"8880";"CIUDAD DE DIOS LUJAN";"USD";"Retenido";"Pendiente";"8641.1";"8641.1";"OK";""
"8881";"CIUDAD DE DIOS LUJAN";"USD";"Retenido";"Pendiente";"7615.88";"7615.88";"OK";""
"8882";"CIUDAD DE DIOS LUJAN";"USD";"Pendiente";"Pendiente";"12903.05";"12903.05";"OK";""
"8883";"CIUDAD DE DIOS BISITO";"USD";"Retenido";"Pendiente";"5995.46";"5995.46";"OK";""
"8884";"CIUDAD DE DIOS BISITO";"USD";"Retenido";"Pendiente";"7293.35";"7293.35";"OK";""
"8885";"CIUDAD DE DIOS BISITO";"USD";"Pendiente";"Pendiente";"8316";"8316";"OK";""
"8886";"CIUDAD DE DIOS BISITO";"USD";"Retenido";"Pendiente";"7252.2";"7252.2";"OK";""
"8887";"CIUDAD DE DIOS BISITO";"USD";"Pendiente";"Pendiente";"6781.55";"6781.55";"OK";""
"8888";"CIUDAD DE DIOS BISITO";"USD";"Retenido";"Pendiente";"9887.62";"9887.62";"OK";""
"8889";"CIUDAD DE DIOS BISITO";"USD";"Pendiente";"Pendiente";"7442.74";"7442.74";"OK";""
"8890";"CIUDAD DE DIOS LUJAN";"USD";"Pendiente";"Pendiente";"17628.01";"17628.01";"OK";""
"8891";"CIUDAD DE DIOS LUJAN";"USD";"Retenido";"Pendiente";"11359.83";"11359.83";"OK";""
"8892";"CIUDAD DE DIOS BISITO";"USD";"Pendiente";"Pendiente";"6734.45";"6734.45";"OK";""
"8893";"CIUDAD DE DIOS BISITO";"USD";"Pendiente";"Pendiente";"6685.02";"6685.02";"OK";""
"8894";"CIUDAD DE DIOS LUJAN";"USD";"Retenido";"Pendiente";"8669.09";"8669.09";"OK";""
"8895";"CIUDAD DE DIOS BISITO";"USD";"Pendiente";"Pendiente";"7090.67";"7090.67";"OK";""
"8896";"CIUDAD DE DIOS LUJAN";"USD";"Pendiente";"Pendiente";"7908.8";"7908.8";"OK";""
"8897";"CIUDAD DE DIOS LUJAN";"USD";"Fusionado";"Pendiente";"8668.4";"8668.4";"OK";""
"8898";"CIUDAD DE DIOS LUJAN";"USD";"Pendiente";"Pendiente";"11693.37";"11693.37";"OK";""
"8899";"CIUDAD DE DIOS LUJAN";"USD";"Retenido";"Pendiente";"11601.01";"11601.01";"OK";""
"8900";"CIUDAD DE DIOS LUJAN";"USD";"Pendiente";"Pendiente";"16605.69";"16605.69";"OK";""
"8901";"CIUDAD DE DIOS BISITO";"USD";"Retenido";"Pendiente";"8635.3";"8635.3";"OK";""
"8902";"CIUDAD DE DIOS LUJAN";"USD";"Retenido";"Pendiente";"8199.56";"8199.56";"OK";""
"8903";"CIUDAD DE DIOS LUJAN";"USD";"Pendiente";"Pendiente";"7908.8";"7908.8";"OK";""
"8904";"CIUDAD DE DIOS LUJAN";"USD";"Pendiente";"Pendiente";"10379.85";"10379.85";"OK";""
"8905";"CIUDAD DE DIOS BISITO";"USD";"Retenido";"Pendiente";"8938.3";"8938.3";"OK";""
"8906";"CIUDAD DE DIOS LUJAN";"USD";"Pendiente";"Pendiente";"17307.5";"17307.5";"OK";""
"8907";"CIUDAD DE DIOS BISITO";"USD";"Pendiente";"Pendiente";"5890.28";"5890.28";"OK";""
"8908";"CIUDAD DE DIOS LUJAN";"USD";"Pendiente";"Pendiente";"9638.19";"9638.19";"OK";""
"8909";"CIUDAD DE DIOS LUJAN";"USD";"Pendiente";"Pendiente";"9635.15";"9635.15";"OK";""
"8910";"CIUDAD DE DIOS LUJAN";"USD";"Retenido";"Pendiente";"8201.72";"8201.72";"OK";""
"8911";"CIUDAD DE DIOS LUJAN";"USD";"Retenido";"Pendiente";"8358.82";"8358.82";"OK";""
"8912";"CIUDAD DE DIOS BISITO";"USD";"Pendiente";"Pendiente";"9368.66";"9368.66";"OK";""
"8913";"CIUDAD DE DIOS LUJAN";"USD";"Pendiente";"Pendiente";"11928.97";"11928.97";"OK";""
"8914";"CIUDAD DE DIOS BISITO";"USD";"Retenido";"Pendiente";"8635.3";"8635.3";"OK";""
"8915";"CIUDAD DE DIOS LUJAN";"USD";"Pendiente";"Pendiente";"13145.89";"13145.89";"OK";""
"8916";"CIUDAD DE DIOS LUJAN";"USD";"Pendiente";"Pendiente";"10088.15";"10088.15";"OK";""
"8917";"CIUDAD DE DIOS LUJAN";"USD";"Pendiente";"Pendiente";"15393.75";"15393.75";"OK";""
"8918";"CIUDAD DE DIOS BISITO";"USD";"Pendiente";"Pendiente";"6909.4";"6909.4";"OK";""
"8919";"CIUDAD DE DIOS LUJAN";"USD";"Pendiente";"Pendiente";"9638.19";"9638.19";"OK";""
"8920";"CIUDAD DE DIOS LUJAN";"USD";"Retenido";"Pendiente";"12756.48";"12756.48";"OK";""
"8921";"CIUDAD DE DIOS LUJAN";"USD";"Retenido";"Pendiente";"20771.39";"20771.39";"OK";""
"8922";"CIUDAD DE DIOS LUJAN";"USD";"Retenido";"Pendiente";"7615.88";"7615.88";"OK";""
"8923";"CIUDAD DE DIOS LUJAN";"USD";"Retenido";"Pendiente";"11260.29";"11260.29";"OK";""
"8924";"CIUDAD DE DIOS LUJAN";"USD";"Pendiente";"Pendiente";"11047.04";"11047.04";"OK";""
"8925";"CIUDAD DE DIOS LUJAN";"USD";"Pendiente";"Pendiente";"10502.83";"10502.83";"OK";""
"8926";"CIUDAD DE DIOS BISITO";"USD";"Retenido";"Pendiente";"10061.11";"10061.11";"OK";""
"8927";"CIUDAD DE DIOS LUJAN";"USD";"Retenido";"Pendiente";"8387.56";"8387.56";"OK";""
"8928";"CIUDAD DE DIOS BISITO";"USD";"Retenido";"Pendiente";"6807.51";"6807.51";"OK";""
"8929";"CIUDAD DE DIOS LUJAN";"USD";"Retenido";"Pendiente";"16552.18";"16552.18";"OK";""
"8930";"CIUDAD DE DIOS BISITO";"USD";"Pendiente";"Pendiente";"8143.29";"8143.29";"OK";""
"8931";"CIUDAD DE DIOS LUJAN";"USD";"Retenido";"Pendiente";"8631.31";"8631.31";"OK";""
"8932";"CIUDAD DE DIOS LUJAN";"USD";"Retenido";"Pendiente";"12294.96";"12294.96";"OK";""
"8933";"CIUDAD DE DIOS LUJAN";"USD";"Retenido";"Pendiente";"14597.09";"14597.09";"OK";""
"8934";"CIUDAD DE DIOS BISITO";"USD";"Fusionado";"Pendiente";"7520.45";"7520.45";"OK";""
"8935";"CIUDAD DE DIOS BISITO";"USD";"Pendiente";"Pendiente";"9559.59";"9559.59";"OK";""
"8936";"CIUDAD DE DIOS LUJAN";"USD";"Pendiente";"Pendiente";"12938.66";"12938.66";"OK";""
"8937";"CIUDAD DE DIOS LUJAN";"USD";"Pendiente";"Pendiente";"7894.45";"7894.45";"OK";""
"8938";"CIUDAD DE DIOS LUJAN";"USD";"Fusionado";"Pendiente";"8049.24";"8049.24";"OK";""
"8939";"CIUDAD DE DIOS LUJAN";"USD";"Retenido";"Pendiente";"8204.03";"8204.03";"OK";""
"8940";"CIUDAD DE DIOS LUJAN";"USD";"Pendiente";"Pendiente";"8049.24";"8049.24";"OK";""
"8941";"CIUDAD DE DIOS LUJAN";"USD";"Retenido";"Pendiente";"8667.77";"8667.77";"OK";""
"8942";"CIUDAD DE DIOS LUJAN";"USD";"Retenido";"Pendiente";"12149.75";"12149.75";"OK";""
"8943";"CIUDAD DE DIOS LUJAN";"USD";"Retenido";"Pendiente";"8527.03";"8527.03";"OK";""
"8944";"CIUDAD DE DIOS LUJAN";"USD";"Pendiente";"Pendiente";"11915.82";"11915.82";"OK";""
"8945";"CIUDAD DE DIOS BISITO";"USD";"Retenido";"Pendiente";"8522.36";"8522.36";"OK";""
"8946";"CIUDAD DE DIOS LUJAN";"USD";"Pendiente";"Pendiente";"13370.3";"13370.3";"OK";""
"8947";"CIUDAD DE DIOS LUJAN";"USD";"Pendiente";"Pendiente";"0.12";"0.12";"OK";""
"8948";"CIUDAD DE DIOS BISITO";"USD";"Retenido";"Pendiente";"6554.31";"6554.31";"OK";""
"8949";"CIUDAD DE DIOS LUJAN";"USD";"Pendiente";"Pendiente";"12411.01";"12411.01";"OK";""
"8950";"CIUDAD DE DIOS LUJAN";"USD";"Pendiente";"Pendiente";"15842.64";"15842.64";"OK";""
"8951";"CIUDAD DE DIOS LUJAN";"USD";"Pendiente";"Pendiente";"12361.72";"12361.72";"OK";""
"8952";"CIUDAD DE DIOS LUJAN";"USD";"Pendiente";"Pendiente";"10583.36";"10583.36";"OK";""
"8953";"CIUDAD DE DIOS LUJAN";"USD";"Pendiente";"Pendiente";"10583.36";"10583.36";"OK";""
"8954";"CIUDAD DE DIOS LUJAN";"USD";"Pendiente";"Pendiente";"8049.24";"8049.24";"OK";""
"8955";"CIUDAD DE DIOS LUJAN";"USD";"Pendiente";"Pendiente";"8049.24";"8049.24";"OK";""
"8956";"CIUDAD DE DIOS LUJAN";"USD";"Pendiente";"Pendiente";"8049.24";"8049.24";"OK";""
"8957";"CIUDAD DE DIOS LUJAN";"USD";"Pendiente";"Pendiente";"8049.24";"8049.24";"OK";""
"8958";"CIUDAD DE DIOS LUJAN";"USD";"Cambiado";"Pendiente";"23582.78";"23582.78";"OK";""
"8959";"CIUDAD DE DIOS LUJAN";"USD";"Fusionado";"Pendiente";"8262.4";"8262.4";"OK";""
"8960";"CIUDAD DE DIOS LUJAN";"USD";"Pendiente";"Pendiente";"8568.13";"8568.13";"OK";""
"8961";"CIUDAD DE DIOS LUJAN";"USD";"Retenido";"Pendiente";"14108.33";"14108.33";"OK";""
"8962";"CIUDAD DE DIOS LUJAN";"USD";"Retenido";"Pendiente";"13138.76";"13138.76";"OK";""
"8963";"CIUDAD DE DIOS LUJAN";"USD";"Pendiente";"Pendiente";"11920.51";"11920.51";"OK";""
"8964";"CIUDAD DE DIOS BISITO";"USD";"Pendiente";"Pendiente";"7424.25";"7424.25";"OK";""
"8965";"CIUDAD DE DIOS BISITO";"USD";"Fusionado";"Pendiente";"7438";"7438";"OK";""
"8966";"CIUDAD DE DIOS BISITO";"USD";"Fusionado";"Pendiente";"7438";"7438";"OK";""
"8967";"CIUDAD DE DIOS LUJAN";"USD";"Retenido";"Pendiente";"11857.44";"11857.44";"OK";""
"8968";"CIUDAD DE DIOS BISITO";"USD";"Retenido";"Pendiente";"8938.3";"8938.3";"OK";""
"8969";"CIUDAD DE DIOS LUJAN";"USD";"Retenido";"Pendiente";"13066.71";"13066.71";"OK";""
"8970";"CIUDAD DE DIOS LUJAN";"USD";"Retenido";"Pendiente";"11602.55";"11602.55";"OK";""
"8971";"CIUDAD DE DIOS LUJAN";"USD";"Pendiente";"Pendiente";"8325.39";"8325.39";"OK";""
"8972";"CIUDAD DE DIOS LUJAN";"USD";"Fusionado";"Pendiente";"8585.56";"8585.56";"OK";""
"8973";"CIUDAD DE DIOS LUJAN";"USD";"Cambiado";"Pendiente";"13081.94";"13081.94";"OK";""
"8974";"CIUDAD DE DIOS LUJAN";"USD";"Pendiente";"Pendiente";"8585.56";"8585.56";"OK";""
"8975";"CIUDAD DE DIOS LUJAN";"USD";"Pendiente";"Pendiente";"14747.11";"14747.11";"OK";""
"8976";"CIUDAD DE DIOS LUJAN";"USD";"Pendiente";"Pendiente";"9688.15";"9688.15";"OK";""
"8977";"CIUDAD DE DIOS LUJAN";"USD";"Pendiente";"Pendiente";"8204.03";"8204.03";"OK";""
"8978";"CIUDAD DE DIOS LUJAN";"USD";"Pendiente";"Pendiente";"8204.03";"8204.03";"OK";""
"8979";"CIUDAD DE DIOS BISITO";"USD";"Pendiente";"Pendiente";"6722.4";"6722.4";"OK";""
"8980";"CIUDAD DE DIOS LUJAN";"USD";"Pendiente";"Pendiente";"8047.46";"8047.46";"OK";""
"8981";"CIUDAD DE DIOS LUJAN";"USD";"Pendiente";"Pendiente";"8204.03";"8204.03";"OK";""
"8982";"CIUDAD DE DIOS LUJAN";"USD";"Cambiado";"Pendiente";"12656.11";"12656.11";"OK";""
"8983";"CIUDAD DE DIOS LUJAN";"USD";"Pendiente";"Pendiente";"11159.77";"11159.77";"OK";""
"8984";"CIUDAD DE DIOS LUJAN";"USD";"Retenido";"Pendiente";"9199.95";"9199.95";"OK";""
"8985";"CIUDAD DE DIOS LUJAN";"USD";"Retenido";"Pendiente";"7894.45";"7894.45";"OK";""
"8986";"CIUDAD DE DIOS BISITO";"USD";"Pendiente";"Pendiente";"7895.21";"7895.21";"OK";""
"8987";"CIUDAD DE DIOS LUJAN";"USD";"Pendiente";"Pendiente";"11633.71";"11633.71";"OK";""
"8988";"CIUDAD DE DIOS LUJAN";"USD";"Fusionado";"Pendiente";"11633.71";"11633.71";"OK";""
"8989";"CIUDAD DE DIOS LUJAN";"USD";"Retenido";"Pendiente";"8214.71";"8214.71";"OK";""
"8990";"CIUDAD DE DIOS BISITO";"USD";"Retenido";"Pendiente";"8483.8";"8483.8";"OK";""
"8991";"CIUDAD DE DIOS LUJAN";"USD";"Pendiente";"Pendiente";"10786.89";"10786.89";"OK";""
"8992";"CIUDAD DE DIOS LUJAN";"USD";"Retenido";"Pendiente";"8823.19";"8823.19";"OK";""
"8993";"CIUDAD DE DIOS BISITO";"USD";"Retenido";"Pendiente";"9834.42";"9834.42";"OK";""
"8994";"CIUDAD DE DIOS BISITO";"USD";"Retenido";"Pendiente";"9515.73";"9515.73";"OK";""
"8995";"CIUDAD DE DIOS LUJAN";"USD";"Pendiente";"Pendiente";"11670.64";"11670.64";"OK";""
"8996";"CIUDAD DE DIOS LUJAN";"USD";"Retenido";"Pendiente";"13295.95";"13295.95";"OK";""
"8997";"CIUDAD DE DIOS BISITO";"USD";"Retenido";"Pendiente";"8783.8";"8783.8";"OK";""
"8998";"CIUDAD DE DIOS LUJAN";"USD";"Retenido";"Pendiente";"9461.31";"9461.31";"OK";""
"8999";"CIUDAD DE DIOS LUJAN";"USD";"Pendiente";"Pendiente";"9461.31";"9461.31";"OK";""
"9000";"CIUDAD DE DIOS LUJAN";"USD";"Retenido";"Pendiente";"9461.31";"9461.31";"OK";""
"9001";"CIUDAD DE DIOS LUJAN";"USD";"Pendiente";"Pendiente";"9461.31";"9461.31";"OK";""
"9002";"CIUDAD DE DIOS LUJAN";"USD";"Pendiente";"Pendiente";"9461.31";"9461.31";"OK";""
"9003";"CIUDAD DE DIOS BISITO";"USD";"Retenido";"Pendiente";"9378.44";"9378.44";"OK";""
"9004";"CIUDAD DE DIOS BISITO";"USD";"Retenido";"Pendiente";"10254.53";"10254.53";"OK";""
"9005";"CIUDAD DE DIOS LUJAN";"USD";"Pendiente";"Pendiente";"9461.31";"9461.31";"OK";""
"9006";"CIUDAD DE DIOS LUJAN";"USD";"Pendiente";"Pendiente";"9461.31";"9461.31";"OK";""
"9007";"CIUDAD DE DIOS LUJAN";"USD";"Pendiente";"Pendiente";"9461.31";"9461.31";"OK";""
"9008";"CIUDAD DE DIOS LUJAN";"USD";"Pendiente";"Pendiente";"9461.31";"9461.31";"OK";""
"9009";"CIUDAD DE DIOS LUJAN";"USD";"Pendiente";"Pendiente";"9461.31";"9461.31";"OK";""
"9010";"CIUDAD DE DIOS LUJAN";"USD";"Pendiente";"Pendiente";"9461.31";"9461.31";"OK";""
"9011";"CIUDAD DE DIOS LUJAN";"USD";"Pendiente";"Pendiente";"9461.31";"9461.31";"OK";""
"9012";"CIUDAD DE DIOS LUJAN";"USD";"Pendiente";"Pendiente";"9461.31";"9461.31";"OK";""
"9013";"CIUDAD DE DIOS LUJAN";"USD";"Pendiente";"Pendiente";"9461.31";"9461.31";"OK";""
"9014";"CIUDAD DE DIOS LUJAN";"USD";"Pendiente";"Pendiente";"9461.31";"9461.31";"OK";""
"9015";"CIUDAD DE DIOS LUJAN";"USD";"Pendiente";"Pendiente";"9461.31";"9461.31";"OK";""
"9016";"CIUDAD DE DIOS LUJAN";"USD";"Pendiente";"Pendiente";"9461.31";"9461.31";"OK";""
"9017";"CIUDAD DE DIOS LUJAN";"USD";"Pendiente";"Pendiente";"9461.31";"9461.31";"OK";""
"9018";"CIUDAD DE DIOS LUJAN";"USD";"Pendiente";"Pendiente";"9461.31";"9461.31";"OK";""
"9019";"CIUDAD DE DIOS LUJAN";"USD";"Pendiente";"Pendiente";"9461.31";"9461.31";"OK";""
"9020";"CIUDAD DE DIOS LUJAN";"USD";"Pendiente";"Pendiente";"9461.31";"9461.31";"OK";""
"9021";"CIUDAD DE DIOS LUJAN";"USD";"Pendiente";"Pendiente";"9461.31";"9461.31";"OK";""
"9022";"CIUDAD DE DIOS LUJAN";"USD";"Pendiente";"Pendiente";"9461.31";"9461.31";"OK";""
"9023";"CIUDAD DE DIOS LUJAN";"USD";"Pendiente";"Pendiente";"9461.31";"9461.31";"OK";""
"9024";"LA QUINTA";"USD";"Pendiente";"Pendiente";"22411.78";"22411.78";"OK";""
"9025";"CIUDAD DE DIOS LUJAN";"USD";"Pendiente";"Pendiente";"9461.31";"9461.31";"OK";""
"9026";"CIUDAD DE DIOS LUJAN";"USD";"Pendiente";"Pendiente";"9461.31";"9461.31";"OK";""
"9027";"CIUDAD DE DIOS LUJAN";"USD";"Pendiente";"Pendiente";"9461.31";"9461.31";"OK";""
"9028";"CIUDAD DE DIOS LUJAN";"USD";"Pendiente";"Pendiente";"9461.31";"9461.31";"OK";""
"9029";"CIUDAD DE DIOS LUJAN";"USD";"Pendiente";"Pendiente";"9461.31";"9461.31";"OK";""
"9030";"CIUDAD DE DIOS LUJAN";"USD";"Pendiente";"Pendiente";"9461.31";"9461.31";"OK";""
"9031";"CIUDAD DE DIOS LUJAN";"USD";"Pendiente";"Pendiente";"9461.31";"9461.31";"OK";""
"9032";"CIUDAD DE DIOS LUJAN";"USD";"Pendiente";"Pendiente";"9461.31";"9461.31";"OK";""
"9033";"CIUDAD DE DIOS LUJAN";"USD";"Pendiente";"Pendiente";"9461.31";"9461.31";"OK";""
"9034";"CIUDAD DE DIOS LUJAN";"USD";"Pendiente";"Pendiente";"9461.31";"9461.31";"OK";""
"9035";"CIUDAD DE DIOS LUJAN";"USD";"Pendiente";"Pendiente";"9461.31";"9461.31";"OK";""
"9036";"CIUDAD DE DIOS LUJAN";"USD";"Pendiente";"Pendiente";"9461.31";"9461.31";"OK";""
"9037";"CIUDAD DE DIOS LUJAN";"USD";"Pendiente";"Pendiente";"9461.31";"9461.31";"OK";""
"9038";"CIUDAD DE DIOS LUJAN";"USD";"Pendiente";"Pendiente";"9461.31";"9461.31";"OK";""
"9039";"CIUDAD DE DIOS LUJAN";"USD";"Pendiente";"Pendiente";"9461.31";"9461.31";"OK";""
"9040";"OKINAWA";"USD";"Pendiente";"Pendiente";"3739.84";"3739.84";"OK";""
"9041";"OKINAWA";"USD";"Retenido";"Pendiente";"9136.13";"9136.13";"OK";""
"9042";"CIUDAD DE DIOS LUJAN";"USD";"Pagado";"Pendiente";"2426.74";"2426.74";"OK";""
"9043";"CIUDAD DE DIOS LUJAN";"USD";"Pendiente";"Pendiente";"8687.56";"8687.56";"OK";""
"9044";"OKINAWA";"USD";"Retenido";"Pendiente";"3739.84";"3739.84";"OK";""
"9045";"CIUDAD DE DIOS LUJAN";"USD";"Pendiente";"Pendiente";"15052.27";"15052.27";"OK";""
"9046";"CIUDAD DE DIOS BISITO";"USD";"Pendiente";"Pendiente";"8097.96";"8097.96";"OK";""
"9047";"CIUDAD DE DIOS BISITO";"USD";"Pendiente";"Pendiente";"8097.96";"8097.96";"OK";""
"9048";"CIUDAD DE DIOS LUJAN";"USD";"Retenido";"Pendiente";"11022.25";"11022.25";"OK";""
"9049";"CIUDAD DE DIOS BISITO";"USD";"Pendiente";"Pendiente";"10454.66";"10454.66";"OK";""
"9050";"CIUDAD DE DIOS LUJAN";"USD";"Pendiente";"Pendiente";"8465.54";"8465.54";"OK";""
"9051";"OKINAWA";"USD";"Pendiente";"Pendiente";"13763.77";"13763.77";"OK";""
"9052";"CIUDAD DE DIOS LUJAN";"USD";"Retenido";"Pendiente";"13675.82";"13675.82";"OK";""
"9053";"CIUDAD DE DIOS LUJAN";"USD";"Pendiente";"Pendiente";"11804.54";"11804.54";"OK";""
"9054";"OKINAWA";"USD";"Retenido";"Pendiente";"3739.84";"3739.84";"OK";""
"9055";"OKINAWA";"USD";"Pendiente";"Pendiente";"9408.34";"9408.34";"OK";""
"9056";"OKINAWA";"USD";"Pendiente";"Pendiente";"6496";"6496";"OK";""
"9057";"OKINAWA";"USD";"Pendiente";"Pendiente";"6496";"6496";"OK";""
"9058";"CIUDAD DE DIOS BISITO";"USD";"Pendiente";"Pendiente";"8097.96";"8097.96";"OK";""
"9059";"CIUDAD DE DIOS BISITO";"USD";"Pendiente";"Pendiente";"8789.8";"8789.8";"OK";""
"9060";"CIUDAD DE DIOS BISITO";"USD";"Pendiente";"Pendiente";"8439.8";"8439.8";"OK";""
"9061";"CIUDAD DE DIOS BISITO";"USD";"Pendiente";"Pendiente";"8439.8";"8439.8";"OK";""
"9062";"CIUDAD DE DIOS LUJAN";"USD";"Retenido";"Pendiente";"10173.63";"10173.63";"OK";""
"9063";"CIUDAD DE DIOS BISITO";"USD";"Pendiente";"Pendiente";"6216.84";"6216.84";"OK";""
"9064";"OKINAWA";"USD";"Retenido";"Pendiente";"4825.6";"4825.6";"OK";""
"9065";"OKINAWA";"USD";"Retenido";"Pendiente";"6160";"6160";"OK";""
"9066";"OKINAWA";"USD";"Retenido";"Pendiente";"3711.11";"3711.11";"OK";""
"9067";"OKINAWA";"USD";"Pendiente";"Pendiente";"5413.51";"5413.51";"OK";""
"9068";"OKINAWA";"USD";"Retenido";"Pendiente";"3558.47";"3558.47";"OK";""
"9069";"OKINAWA";"USD";"Pendiente";"Pendiente";"12747.39";"12747.39";"OK";""
"9070";"CIUDAD DE DIOS LUJAN";"USD";"Retenido";"Pendiente";"8668.4";"8668.4";"OK";""
"9071";"CIUDAD DE DIOS LUJAN";"USD";"Pendiente";"Pendiente";"8668.4";"8668.4";"OK";""
"9072";"CIUDAD DE DIOS LUJAN";"USD";"Pendiente";"Pendiente";"8668.4";"8668.4";"OK";""
"9073";"CIUDAD DE DIOS LUJAN";"USD";"Pendiente";"Pendiente";"8668.4";"8668.4";"OK";""
"9074";"CIUDAD DE DIOS LUJAN";"USD";"Pendiente";"Pendiente";"8668.4";"8668.4";"OK";""
"9075";"CIUDAD DE DIOS BISITO";"USD";"Retenido";"Pendiente";"6773.89";"6773.89";"OK";""
"9076";"CIUDAD DE DIOS LUJAN";"USD";"Retenido";"Pendiente";"11009.07";"11009.07";"OK";""
"9077";"CIUDAD DE DIOS BISITO";"USD";"Pendiente";"Pendiente";"6543.59";"6543.59";"OK";""
"9078";"OKINAWA";"USD";"Retenido";"Pendiente";"9409.38";"9409.38";"OK";""
"9079";"OKINAWA";"USD";"Retenido";"Pendiente";"8786.42";"8786.42";"OK";""
"9080";"OKINAWA";"USD";"Retenido";"Pendiente";"3675.36";"3675.36";"OK";""
"9081";"CIUDAD DE DIOS BISITO";"USD";"Pendiente";"Pendiente";"6426.74";"6426.74";"OK";""
"9082";"CIUDAD DE DIOS BISITO";"USD";"Pendiente";"Pendiente";"6426.72";"6426.72";"OK";""
"9083";"OKINAWA";"USD";"Pendiente";"Pendiente";"3610.88";"3610.88";"OK";""
"9084";"OKINAWA";"USD";"Retenido";"Pendiente";"3546.4";"3546.4";"OK";""
"9085";"CIUDAD DE DIOS BISITO";"USD";"Pendiente";"Pendiente";"6426.66";"6426.66";"OK";""
"9086";"CIUDAD DE DIOS BISITO";"USD";"Pendiente";"Pendiente";"6426.74";"6426.74";"OK";""
"9087";"CIUDAD DE DIOS BISITO";"USD";"Pendiente";"Pendiente";"8514";"8514";"OK";""
"9088";"CIUDAD DE DIOS BISITO";"USD";"Pendiente";"Pendiente";"6426.74";"6426.74";"OK";""
"9089";"CIUDAD DE DIOS LUJAN";"USD";"Cambiado";"Pendiente";"23166.63";"23166.63";"OK";""
"9090";"OKINAWA";"USD";"Pendiente";"Pendiente";"3675.36";"3675.36";"OK";""
"9091";"OKINAWA";"USD";"Pendiente";"Pendiente";"5945.32";"5945.32";"OK";""
"9092";"OKINAWA";"USD";"Retenido";"Pendiente";"6272.34";"6272.34";"OK";""
"9093";"CIUDAD DE DIOS BISITO";"USD";"Pendiente";"Pendiente";"8668.58";"8668.58";"OK";""
"9094";"CIUDAD DE DIOS LUJAN";"USD";"Pendiente";"Pendiente";"8823.19";"8823.19";"OK";""
"9095";"CIUDAD DE DIOS LUJAN";"USD";"Pendiente";"Pendiente";"8977.98";"8977.98";"OK";""
"9096";"CIUDAD DE DIOS LUJAN";"USD";"Retenido";"Pendiente";"18544.66";"18544.66";"OK";""
"9097";"CIUDAD DE DIOS BISITO";"USD";"Pendiente";"Pendiente";"6216.92";"6216.92";"OK";""
"9098";"CIUDAD DE DIOS BISITO";"USD";"Retenido";"Pendiente";"6810.99";"6810.99";"OK";""
"9099";"CIUDAD DE DIOS LUJAN";"USD";"Retenido";"Pendiente";"8977.98";"8977.98";"OK";""
"9100";"CIUDAD DE DIOS LUJAN";"USD";"Pendiente";"Pendiente";"8055.26";"8055.26";"OK";""
"9101";"CIUDAD DE DIOS BISITO";"USD";"Pendiente";"Pendiente";"6834.34";"6834.34";"OK";""
"9102";"CIUDAD DE DIOS LUJAN";"USD";"Retenido";"Pendiente";"10928.46";"10928.46";"OK";""
"9103";"CIUDAD DE DIOS LUJAN";"USD";"Retenido";"Pendiente";"11318.76";"11318.76";"OK";""
"9104";"CIUDAD DE DIOS LUJAN";"USD";"Retenido";"Pendiente";"11318.76";"11318.76";"OK";""
"9105";"CIUDAD DE DIOS BISITO";"USD";"Pendiente";"Pendiente";"10254.6";"10254.6";"OK";""
"9106";"CIUDAD DE DIOS BISITO";"USD";"Pendiente";"Pendiente";"10254.6";"10254.6";"OK";""
"9107";"CIUDAD DE DIOS LUJAN";"USD";"Pendiente";"Pendiente";"17948.52";"17948.52";"OK";""
"9108";"CIUDAD DE DIOS LUJAN";"USD";"Pendiente";"Pendiente";"17948.52";"17948.52";"OK";""
"9109";"CIUDAD DE DIOS LUJAN";"USD";"Pendiente";"Pendiente";"10835.43";"10835.43";"OK";""
"9110";"CIUDAD DE DIOS BISITO";"USD";"Retenido";"Pendiente";"8823.6";"8823.6";"OK";""
"9111";"CIUDAD DE DIOS BISITO";"USD";"Retenido";"Pendiente";"11663.3";"11663.3";"OK";""
"9112";"CIUDAD DE DIOS BISITO";"USD";"Retenido";"Pendiente";"7891.7";"7891.7";"OK";""
"9113";"CIUDAD DE DIOS BISITO";"USD";"Pendiente";"Pendiente";"7753.41";"7753.41";"OK";""
"9114";"CIUDAD DE DIOS LUJAN";"USD";"Pendiente";"Pendiente";"10928.46";"10928.46";"OK";""
"9115";"CIUDAD DE DIOS LUJAN";"USD";"Pendiente";"Pendiente";"10928.46";"10928.46";"OK";""
"9116";"OKINAWA";"USD";"Retenido";"Pendiente";"6605.06";"6605.06";"OK";""
"9117";"OKINAWA";"USD";"Retenido";"Pendiente";"6967.55";"6967.55";"OK";""
"9118";"CIUDAD DE DIOS LUJAN";"USD";"Pendiente";"Pendiente";"8487.56";"8487.56";"OK";""
"9119";"CIUDAD DE DIOS BISITO";"USD";"Retenido";"Pendiente";"8668.8";"8668.8";"OK";""
"9120";"OKINAWA";"USD";"Retenido";"Pendiente";"3610.88";"3610.88";"OK";""
"9121";"CIUDAD DE DIOS BISITO";"USD";"Retenido";"Pendiente";"9226.81";"9226.81";"OK";""
"9122";"CIUDAD DE DIOS BISITO";"USD";"Retenido";"Pendiente";"8615.29";"8615.29";"OK";""
"9123";"CIUDAD DE DIOS LUJAN";"USD";"Pendiente";"Pendiente";"9914.79";"9914.79";"OK";""
"9124";"OKINAWA";"USD";"Pendiente";"Pendiente";"3610.88";"3610.88";"OK";""
"9125";"CIUDAD DE DIOS LUJAN";"USD";"Retenido";"Pendiente";"11601.01";"11601.01";"OK";""
"9126";"CIUDAD DE DIOS LUJAN";"USD";"Retenido";"Pendiente";"15052.27";"15052.27";"OK";""
"9127";"OKINAWA";"USD";"Retenido";"Pendiente";"5370.09";"5370.09";"OK";""
"9128";"OKINAWA";"USD";"Retenido";"Pendiente";"5973.6";"5973.6";"OK";""
"9129";"OKINAWA";"USD";"Retenido";"Pendiente";"4742.4";"4742.4";"OK";""
"9130";"CIUDAD DE DIOS BISITO";"USD";"Retenido";"Pendiente";"6327.94";"6327.94";"OK";""
"9131";"CIUDAD DE DIOS BISITO";"USD";"Pagado";"Pendiente";"0.16";"0.16";"OK";""
"9132";"CIUDAD DE DIOS LUJAN";"USD";"Pendiente";"Pendiente";"11123.61";"11123.61";"OK";""
"9133";"OKINAWA";"USD";"Pendiente";"Pendiente";"3675.28";"3675.28";"OK";""
"9134";"CIUDAD DE DIOS BISITO";"USD";"Pendiente";"Pendiente";"7759.62";"7759.62";"OK";""
"9135";"OKINAWA";"USD";"Retenido";"Pendiente";"5740.06";"5740.06";"OK";""
"9136";"CIUDAD DE DIOS LUJAN";"USD";"Pendiente";"Pendiente";"19823.75";"19823.75";"OK";""
"9137";"OKINAWA";"USD";"Retenido";"Pendiente";"5546.24";"5546.24";"OK";""
"9138";"CIUDAD DE DIOS LUJAN";"USD";"Pendiente";"Pendiente";"13583.21";"13583.21";"OK";""
"9139";"OKINAWA";"USD";"Retenido";"Pendiente";"3256.94";"3256.94";"OK";""
"9140";"CIUDAD DE DIOS BISITO";"USD";"Pendiente";"Pendiente";"10079.11";"10079.11";"OK";""
"9141";"CIUDAD DE DIOS LUJAN";"USD";"Pendiente";"Pendiente";"13059.76";"13059.76";"OK";""
"9142";"CIUDAD DE DIOS LUJAN";"USD";"Pendiente";"Pendiente";"14384.78";"14384.78";"OK";""
"9143";"OKINAWA";"USD";"Pendiente";"Pendiente";"6738.13";"6738.13";"OK";""
"9144";"OKINAWA";"USD";"Pendiente";"Pendiente";"5641.09";"5641.09";"OK";""
"9145";"CIUDAD DE DIOS LUJAN";"USD";"Pendiente";"Pendiente";"8823.19";"8823.19";"OK";""
"9146";"CIUDAD DE DIOS BISITO";"USD";"Pendiente";"Pendiente";"6543.59";"6543.59";"OK";""
"9147";"OKINAWA";"USD";"Retenido";"Pendiente";"5546.24";"5546.24";"OK";""
"9148";"CIUDAD DE DIOS LUJAN";"USD";"Pendiente";"Pendiente";"9391.98";"9391.98";"OK";""
"9149";"CIUDAD DE DIOS BISITO";"USD";"Pendiente";"Pendiente";"8491.09";"8491.09";"OK";""
"9150";"CIUDAD DE DIOS LUJAN";"USD";"Pendiente";"Pendiente";"8687.56";"8687.56";"OK";""
"9151";"CIUDAD DE DIOS LUJAN";"USD";"Retenido";"Pendiente";"14805.7";"14547.45";"ERROR";"1"
"9152";"CIUDAD DE DIOS BISITO";"USD";"Pendiente";"Pendiente";"8400";"8400";"OK";""
"9153";"CIUDAD DE DIOS LUJAN";"USD";"Retenido";"Pendiente";"10835.43";"10835.43";"OK";""
"9154";"CIUDAD DE DIOS BISITO";"USD";"Pendiente";"Pendiente";"6660.44";"6660.44";"OK";""
"9155";"CIUDAD DE DIOS LUJAN";"USD";"Retenido";"Pendiente";"12423.32";"12423.32";"OK";""
"9156";"OKINAWA";"USD";"Retenido";"Pendiente";"3739.84";"3739.84";"OK";""
"9157";"CIUDAD DE DIOS BISITO";"USD";"Pendiente";"Pendiente";"9536.95";"9536.95";"OK";""
"9158";"CIUDAD DE DIOS BISITO";"USD";"Pendiente";"Pendiente";"7267.62";"7267.62";"OK";""
"9159";"CIUDAD DE DIOS BISITO";"USD";"Pendiente";"Pendiente";"7958.34";"7958.34";"OK";""
"9160";"CIUDAD DE DIOS BISITO";"USD";"Pendiente";"Pendiente";"7958.34";"7958.34";"OK";""
"9161";"OKINAWA";"USD";"Retenido";"Pendiente";"3675.36";"3675.36";"OK";""
"9162";"CIUDAD DE DIOS BISITO";"USD";"Retenido";"Pendiente";"8495.06";"8495.06";"OK";""
"9163";"CIUDAD DE DIOS LUJAN";"USD";"Retenido";"Pendiente";"8055.26";"8055.26";"OK";""
"9164";"OKINAWA";"USD";"Retenido";"Pendiente";"4651.15";"4651.15";"OK";""
"9165";"CIUDAD DE DIOS LUJAN";"USD";"Retenido";"Pendiente";"8055.26";"8055.26";"OK";""
"9166";"CIUDAD DE DIOS BISITO";"USD";"Retenido";"Pendiente";"6660.44";"6660.44";"OK";""
"9167";"CIUDAD DE DIOS LUJAN";"USD";"Retenido";"Pendiente";"10091.84";"10091.84";"OK";""
"9168";"CIUDAD DE DIOS BISITO";"USD";"Pendiente";"Pendiente";"9331.7";"9331.7";"OK";""
"9169";"CIUDAD DE DIOS LUJAN";"USD";"Pendiente";"Pendiente";"8977.98";"8977.98";"OK";""
"9170";"CIUDAD DE DIOS LUJAN";"USD";"Pendiente";"Pendiente";"8977.98";"8977.98";"OK";""
"9171";"CIUDAD DE DIOS LUJAN";"USD";"Pendiente";"Pendiente";"9132.77";"9132.77";"OK";""
"9172";"CIUDAD DE DIOS BISITO";"USD";"Pendiente";"Pendiente";"7958.34";"7958.34";"OK";""
"9173";"CIUDAD DE DIOS BISITO";"USD";"Pendiente";"Pendiente";"7958.34";"7958.34";"OK";""
"9174";"CIUDAD DE DIOS BISITO";"USD";"Pendiente";"Pendiente";"8124.03";"8124.03";"OK";""
"9175";"CIUDAD DE DIOS BISITO";"USD";"Retenido";"Pendiente";"9391.33";"9391.33";"OK";""
"9176";"CIUDAD DE DIOS LUJAN";"USD";"Pendiente";"Pendiente";"9379.75";"9379.75";"OK";""
"9177";"CIUDAD DE DIOS LUJAN";"USD";"Retenido";"Pendiente";"9298.18";"9298.18";"OK";""
"9178";"CIUDAD DE DIOS LUJAN";"USD";"Pendiente";"Pendiente";"9785.56";"9785.56";"OK";""
"9179";"CIUDAD DE DIOS BISITO";"USD";"Retenido";"Pendiente";"8978.4";"8978.4";"OK";""
"9180";"OKINAWA";"USD";"Pendiente";"Pendiente";"3675.36";"3675.36";"OK";""
"9181";"CIUDAD DE DIOS LUJAN";"USD";"Retenido";"Pendiente";"10182.69";"10182.69";"OK";""
"9182";"CIUDAD DE DIOS BISITO";"USD";"Pendiente";"Pendiente";"6660.44";"6660.44";"OK";""
"9183";"OKINAWA";"USD";"Pendiente";"Pendiente";"4742.4";"4742.4";"OK";""
"9184";"CIUDAD DE DIOS BISITO";"USD";"Pendiente";"Pendiente";"8491.09";"8491.09";"OK";""
"9185";"OKINAWA";"USD";"Pendiente";"Pendiente";"3610.88";"3610.88";"OK";""
"9186";"OKINAWA";"USD";"Retenido";"Pendiente";"3675.36";"3675.36";"OK";""
"9187";"OKINAWA";"USD";"Retenido";"Pendiente";"3675.36";"3675.36";"OK";""
"9188";"CIUDAD DE DIOS LUJAN";"USD";"Cambiado";"Pendiente";"12612.04";"12612.04";"OK";""
"9189";"OKINAWA";"USD";"Retenido";"Pendiente";"4742.4";"4742.4";"OK";""
"9190";"OKINAWA";"USD";"Pendiente";"Pendiente";"3675.36";"3675.36";"OK";""
"9191";"CIUDAD DE DIOS BISITO";"USD";"Retenido";"Pendiente";"10536.09";"10536.09";"OK";""
"9192";"CIUDAD DE DIOS LUJAN";"USD";"Pagado";"Pendiente";"13721.75";"13721.75";"OK";""
"9193";"CIUDAD DE DIOS LUJAN";"USD";"Pendiente";"Pendiente";"10809.07";"10809.07";"OK";""
"9194";"CIUDAD DE DIOS BISITO";"USD";"Pendiente";"Pendiente";"8641.8";"8641.8";"OK";""
"9195";"CIUDAD DE DIOS LUJAN";"USD";"Pendiente";"Pendiente";"10395.3";"10395.3";"OK";""
"9196";"CIUDAD DE DIOS LUJAN";"USD";"Pendiente";"Pendiente";"16678.64";"16678.64";"OK";""
"9197";"CIUDAD DE DIOS LUJAN";"USD";"Pendiente";"Pendiente";"21813.18";"21813.18";"OK";""
"9198";"CIUDAD DE DIOS LUJAN";"USD";"Pendiente";"Pendiente";"15960.53";"15960.53";"OK";""
"9199";"OKINAWA";"USD";"Pendiente";"Pendiente";"12275.86";"12275.86";"OK";""
"9200";"OKINAWA";"USD";"Pendiente";"Pendiente";"9246.13";"9246.13";"OK";""
"9201";"CIUDAD DE DIOS LUJAN";"USD";"Pendiente";"Pendiente";"13372.54";"13372.54";"OK";""
"9202";"OKINAWA";"USD";"Pendiente";"Pendiente";"4737.52";"4737.52";"OK";""
"9203";"CIUDAD DE DIOS LUJAN";"USD";"Retenido";"Pendiente";"8977.56";"8977.56";"OK";""
"9204";"CIUDAD DE DIOS LUJAN";"USD";"Pendiente";"Pendiente";"9391.98";"9391.98";"OK";""
"9205";"OKINAWA";"USD";"Retenido";"Pendiente";"11555.04";"11555.04";"OK";""
"9206";"OKINAWA";"USD";"Retenido";"Pendiente";"3675.36";"3675.36";"OK";""
"9207";"OKINAWA";"USD";"Retenido";"Pendiente";"3854.32";"3854.32";"OK";""
"9208";"OKINAWA";"USD";"Retenido";"Pendiente";"2565.85";"2565.85";"OK";""
"9209";"OKINAWA";"USD";"Retenido";"Pendiente";"2593.53";"2593.53";"OK";""
"9210";"CIUDAD DE DIOS BISITO";"USD";"Pendiente";"Pendiente";"7594.22";"7594.22";"OK";""
"9211";"CIUDAD DE DIOS LUJAN";"USD";"Pendiente";"Pendiente";"13927.81";"13927.81";"OK";""
"9212";"OKINAWA";"USD";"Retenido";"Pendiente";"3739.84";"3739.84";"OK";""
"9213";"OKINAWA";"USD";"Retenido";"Pendiente";"3739.84";"3739.84";"OK";""
"9214";"CIUDAD DE DIOS BISITO";"USD";"Pendiente";"Pendiente";"8610";"8610";"OK";""
"9215";"OKINAWA";"USD";"Pendiente";"Pendiente";"4742.4";"4742.4";"OK";""
"9216";"CIUDAD DE DIOS BISITO";"USD";"Retenido";"Pendiente";"8627.41";"8627.41";"OK";""
"9217";"CIUDAD DE DIOS BISITO";"USD";"Retenido";"Pendiente";"8641.53";"8641.53";"OK";""
"9218";"OKINAWA";"USD";"Pendiente";"Pendiente";"6913.6";"6913.6";"OK";""
"9219";"OKINAWA";"USD";"Pendiente";"Pendiente";"6913.6";"6913.6";"OK";""
"9220";"OKINAWA";"USD";"Pendiente";"Pendiente";"6913.6";"6913.6";"OK";""
"9221";"OKINAWA";"USD";"Pendiente";"Pendiente";"9867.09";"9867.09";"OK";""
"9222";"CIUDAD DE DIOS LUJAN";"USD";"Pendiente";"Pendiente";"10268.89";"10268.89";"OK";""
"9223";"CIUDAD DE DIOS LUJAN";"USD";"Fusionado";"Pendiente";"15316.35";"15316.35";"OK";""
"9224";"CIUDAD DE DIOS LUJAN";"USD";"Fusionado";"Pendiente";"15316.35";"15316.35";"OK";""
"9225";"CIUDAD DE DIOS LUJAN";"USD";"Pendiente";"Pendiente";"15316.35";"15316.35";"OK";""
"9226";"CIUDAD DE DIOS BISITO";"USD";"Pendiente";"Pendiente";"10822.31";"10822.31";"OK";""
"9227";"OKINAWA";"USD";"Retenido";"Pendiente";"6913.6";"6913.6";"OK";""
"9228";"OKINAWA";"USD";"Retenido";"Pendiente";"4825.6";"4825.6";"OK";""
"9229";"CIUDAD DE DIOS BISITO";"USD";"Pendiente";"Pendiente";"7818";"7818";"OK";""
"9230";"OKINAWA";"USD";"Retenido";"Pendiente";"6869.1";"6869.1";"OK";""
"9231";"CIUDAD DE DIOS LUJAN";"USD";"Retenido";"Pendiente";"14619.12";"14619.12";"OK";""
"9232";"CIUDAD DE DIOS BISITO";"USD";"Pendiente";"Pendiente";"6777.29";"6777.29";"OK";""
"9233";"CIUDAD DE DIOS BISITO";"USD";"Pendiente";"Pendiente";"6777.29";"6777.29";"OK";""
"9234";"OKINAWA";"USD";"Retenido";"Pendiente";"3739.84";"3739.84";"OK";""
"9235";"CIUDAD DE DIOS BISITO";"USD";"Pendiente";"Pendiente";"6777.29";"6777.29";"OK";""
"9236";"OKINAWA";"USD";"Retenido";"Pendiente";"3739.84";"3739.84";"OK";""
"9237";"CIUDAD DE DIOS BISITO";"USD";"Pendiente";"Pendiente";"8491.53";"8491.53";"OK";""
"9238";"CIUDAD DE DIOS LUJAN";"USD";"Retenido";"Pendiente";"10123";"10123";"OK";""
"9239";"CIUDAD DE DIOS LUJAN";"USD";"Retenido";"Pendiente";"9287.56";"9287.56";"OK";""
"9240";"CIUDAD DE DIOS LUJAN";"USD";"Retenido";"Pendiente";"10123";"10123";"OK";""
"9241";"CIUDAD DE DIOS LUJAN";"USD";"Retenido";"Pendiente";"9287.56";"9287.56";"OK";""
"9242";"CIUDAD DE DIOS LUJAN";"USD";"Retenido";"Pendiente";"9287.56";"9287.56";"OK";""
"9243";"CIUDAD DE DIOS LUJAN";"USD";"Retenido";"Pendiente";"9287.56";"9287.56";"OK";""
"9244";"CIUDAD DE DIOS LUJAN";"USD";"Retenido";"Pendiente";"9287.56";"9287.56";"OK";""
"9245";"CIUDAD DE DIOS LUJAN";"USD";"Retenido";"Pendiente";"9287.56";"9287.56";"OK";""
"9246";"CIUDAD DE DIOS LUJAN";"USD";"Retenido";"Pendiente";"9287.56";"9287.56";"OK";""
"9247";"CIUDAD DE DIOS LUJAN";"USD";"Retenido";"Pendiente";"10123";"10123";"OK";""
"9248";"CIUDAD DE DIOS LUJAN";"USD";"Retenido";"Pendiente";"11209.07";"11209.07";"OK";""
"9249";"CIUDAD DE DIOS LUJAN";"USD";"Retenido";"Pendiente";"9287.56";"9287.56";"OK";""
"9250";"CIUDAD DE DIOS LUJAN";"USD";"Retenido";"Pendiente";"10123";"10123";"OK";""
"9251";"CIUDAD DE DIOS LUJAN";"USD";"Retenido";"Pendiente";"9287.56";"9287.56";"OK";""
"9252";"CIUDAD DE DIOS LUJAN";"USD";"Retenido";"Pendiente";"9287.56";"9287.56";"OK";""
"9253";"CIUDAD DE DIOS LUJAN";"USD";"Retenido";"Pendiente";"9287.56";"9287.56";"OK";""
"9254";"CIUDAD DE DIOS LUJAN";"USD";"Retenido";"Pendiente";"10123";"10123";"OK";""
"9255";"CIUDAD DE DIOS LUJAN";"USD";"Retenido";"Pendiente";"10123";"10123";"OK";""
"9256";"CIUDAD DE DIOS LUJAN";"USD";"Retenido";"Pendiente";"9287.56";"9287.56";"OK";""
"9257";"CIUDAD DE DIOS LUJAN";"USD";"Retenido";"Pendiente";"9287.56";"9287.56";"OK";""
"9258";"CIUDAD DE DIOS LUJAN";"USD";"Retenido";"Pendiente";"9287.56";"9287.56";"OK";""
"9259";"CIUDAD DE DIOS LUJAN";"USD";"Retenido";"Pendiente";"10273";"10273";"OK";""
"9260";"CIUDAD DE DIOS LUJAN";"USD";"Retenido";"Pendiente";"9437.56";"9437.56";"OK";""
"9261";"CIUDAD DE DIOS LUJAN";"USD";"Retenido";"Pendiente";"10273";"10273";"OK";""
"9262";"CIUDAD DE DIOS LUJAN";"USD";"Retenido";"Pendiente";"10273";"10273";"OK";""
"9263";"CIUDAD DE DIOS LUJAN";"USD";"Retenido";"Pendiente";"15094.5";"15094.5";"OK";""
"9264";"CIUDAD DE DIOS LUJAN";"USD";"Pendiente";"Pendiente";"9437.56";"9437.56";"OK";""
"9265";"CIUDAD DE DIOS LUJAN";"USD";"Retenido";"Pendiente";"9437.56";"9437.56";"OK";""
"9266";"CIUDAD DE DIOS LUJAN";"USD";"Retenido";"Pendiente";"9437.56";"9437.56";"OK";""
"9267";"CIUDAD DE DIOS LUJAN";"USD";"Retenido";"Pendiente";"9437.56";"9437.56";"OK";""
"9268";"CIUDAD DE DIOS LUJAN";"USD";"Retenido";"Pendiente";"12305.9";"12305.9";"OK";""
"9269";"CIUDAD DE DIOS LUJAN";"USD";"Retenido";"Pendiente";"9037.21";"9037.21";"OK";""
"9270";"CIUDAD DE DIOS BISITO";"USD";"Pendiente";"Pendiente";"7913.86";"7913.86";"OK";""
"9271";"CIUDAD DE DIOS LUJAN";"USD";"Retenido";"Pendiente";"12994.83";"12994.83";"OK";""
"9272";"CIUDAD DE DIOS LUJAN";"USD";"Retenido";"Pendiente";"9287.56";"9287.56";"OK";""
"9273";"CIUDAD DE DIOS LUJAN";"USD";"Retenido";"Pendiente";"13754.43";"13754.43";"OK";""
"9274";"CIUDAD DE DIOS LUJAN";"USD";"Retenido";"Pendiente";"9437.56";"9437.56";"OK";""
"9275";"CIUDAD DE DIOS BISITO";"USD";"Retenido";"Pendiente";"9941.02";"9941.02";"OK";""
"9276";"CIUDAD DE DIOS LUJAN";"USD";"Retenido";"Pendiente";"13754.76";"13754.76";"OK";""
"9277";"CIUDAD DE DIOS BISITO";"USD";"Retenido";"Pendiente";"6842.7";"6842.7";"OK";""
"9278";"CIUDAD DE DIOS LUJAN";"USD";"Retenido";"Pendiente";"8787.56";"8787.56";"OK";""
"9279";"CIUDAD DE DIOS LUJAN";"USD";"Retenido";"Pendiente";"19230.56";"19230.56";"OK";""
"9280";"CIUDAD DE DIOS LUJAN";"USD";"Retenido";"Pendiente";"13624.76";"13624.76";"OK";""
"9281";"CIUDAD DE DIOS BISITO";"USD";"Retenido";"Pendiente";"7293.75";"7293.75";"OK";""
"9282";"CIUDAD DE DIOS LUJAN";"USD";"Retenido";"Pendiente";"17214.15";"17214.15";"OK";""
"9283";"CIUDAD DE DIOS BISITO";"USD";"Pagado";"Pendiente";"6082.84";"6082.84";"OK";""
"9284";"CIUDAD DE DIOS LUJAN";"USD";"Pendiente";"Pendiente";"9287.56";"9287.56";"OK";""
"9285";"CIUDAD DE DIOS LUJAN";"USD";"Retenido";"Pendiente";"8787.56";"8787.56";"OK";""
"9286";"CIUDAD DE DIOS BISITO";"USD";"Retenido";"Pendiente";"17114.61";"17114.61";"OK";""
"9287";"CIUDAD DE DIOS LUJAN";"USD";"Retenido";"Pendiente";"9386.29";"9386.29";"OK";""
"9288";"CIUDAD DE DIOS LUJAN";"USD";"Retenido";"Pendiente";"10683.45";"10683.45";"OK";""
"9289";"OKINAWA";"USD";"Retenido";"Pendiente";"8749.92";"8749.92";"OK";""
"9290";"OKINAWA";"USD";"Retenido";"Pendiente";"3804.32";"3804.32";"OK";""
"9291";"OKINAWA";"USD";"Retenido";"Pendiente";"6183.2";"6183.2";"OK";""
"9292";"OKINAWA";"USD";"Retenido";"Pendiente";"6932.2";"6932.2";"OK";""
"9293";"OKINAWA";"USD";"Retenido";"Pendiente";"3804.32";"3804.32";"OK";""
"9294";"OKINAWA";"USD";"Retenido";"Pendiente";"4742";"4742";"OK";""
"9295";"CIUDAD DE DIOS LUJAN";"USD";"Pendiente";"Pendiente";"9287.56";"9287.56";"OK";""
"9296";"CIUDAD DE DIOS BISITO";"USD";"Retenido";"Pendiente";"10409.6";"10409.6";"OK";""
"9297";"CIUDAD DE DIOS LUJAN";"USD";"Retenido";"Pendiente";"8787.56";"8787.56";"OK";""
"9298";"OKINAWA";"USD";"Retenido";"Pendiente";"4908.8";"4908.8";"OK";""
"9299";"OKINAWA";"USD";"Retenido";"Pendiente";"10037.21";"10037.21";"OK";""
"9300";"OKINAWA";"USD";"Retenido";"Pendiente";"7032.8";"7032.8";"OK";""
"9301";"CIUDAD DE DIOS BISITO";"USD";"Retenido";"Pendiente";"8938";"8938";"OK";""
"9302";"CIUDAD DE DIOS BISITO";"USD";"Retenido";"Pendiente";"6549.98";"6549.98";"OK";""
"9303";"CIUDAD DE DIOS LUJAN";"USD";"Pendiente";"Pendiente";"13423.55";"13423.55";"OK";""
"9304";"OKINAWA";"USD";"Retenido";"Pendiente";"4742";"4742";"OK";""
"9305";"CIUDAD DE DIOS LUJAN";"USD";"Pendiente";"Pendiente";"27784.91";"27784.91";"OK";""
"9306";"CIUDAD DE DIOS BISITO";"USD";"Retenido";"Pendiente";"9133.2";"9133.2";"OK";""
"9307";"CIUDAD DE DIOS LUJAN";"USD";"Retenido";"Pendiente";"9624.44";"9624.44";"OK";""
"9308";"CIUDAD DE DIOS LUJAN";"USD";"Retenido";"Pendiente";"9830.7";"9830.7";"OK";""
"9309";"CIUDAD DE DIOS LUJAN";"USD";"Retenido";"Pendiente";"9767.94";"9767.94";"OK";""
"9310";"CIUDAD DE DIOS BISITO";"USD";"Pendiente";"Pendiente";"9133.2";"9133.2";"OK";""
"9311";"CIUDAD DE DIOS BISITO";"USD";"Retenido";"Pendiente";"8938";"8938";"OK";""
"9312";"CIUDAD DE DIOS LUJAN";"USD";"Retenido";"Pendiente";"9624.44";"9624.44";"OK";""
"9313";"CIUDAD DE DIOS BISITO";"USD";"Retenido";"Pendiente";"8237.58";"8237.58";"OK";""
"9314";"CIUDAD DE DIOS LUJAN";"USD";"Retenido";"Pendiente";"10123";"10123";"OK";""
"9315";"OKINAWA";"USD";"Retenido";"Pendiente";"3804.32";"3804.32";"OK";""
"9316";"OKINAWA";"USD";"Retenido";"Pendiente";"3804.32";"3804.32";"OK";""
"9317";"OKINAWA";"USD";"Retenido";"Pendiente";"6608";"6608";"OK";""
"9318";"OKINAWA";"USD";"Retenido";"Pendiente";"3732.48";"3732.48";"OK";""
"9319";"CIUDAD DE DIOS BISITO";"USD";"Retenido";"Pendiente";"11304.26";"11304.26";"OK";""
"9320";"CIUDAD DE DIOS LUJAN";"USD";"Retenido";"Pendiente";"13321.26";"13321.26";"OK";""
"9321";"CIUDAD DE DIOS LUJAN";"USD";"Retenido";"Pendiente";"17609.78";"17609.78";"OK";""
"9322";"CIUDAD DE DIOS BISITO";"USD";"Retenido";"Pendiente";"6894.14";"6894.14";"OK";""
"9323";"CIUDAD DE DIOS LUJAN";"USD";"Retenido";"Pendiente";"10096.8";"10096.8";"OK";""
"9324";"CIUDAD DE DIOS BISITO";"USD";"Retenido";"Pendiente";"7969.13";"7969.13";"OK";""
"9325";"CIUDAD DE DIOS BISITO";"USD";"Pendiente";"Pendiente";"10405.68";"10405.68";"OK";""
"9326";"OKINAWA";"USD";"Retenido";"Pendiente";"3804.32";"3804.32";"OK";""
"9327";"OKINAWA";"USD";"Retenido";"Pendiente";"3804.32";"3804.32";"OK";""
"9328";"OKINAWA";"USD";"Retenido";"Pendiente";"3804.32";"3804.32";"OK";""
"9329";"OKINAWA";"USD";"Retenido";"Pendiente";"3804.32";"3804.32";"OK";""
"9330";"OKINAWA";"USD";"Retenido";"Pendiente";"3804.32";"3804.32";"OK";""
"9331";"CIUDAD DE DIOS LUJAN";"USD";"Retenido";"Pendiente";"10094.59";"10094.59";"OK";""
"9332";"OKINAWA";"USD";"Retenido";"Pendiente";"3804.32";"3804.32";"OK";""
"9333";"OKINAWA";"USD";"Retenido";"Pendiente";"3804.32";"3804.32";"OK";""
"9334";"LA QUINTA";"USD";"Retenido";"Pendiente";"20414.08";"20414.08";"OK";""
"9335";"OKINAWA";"USD";"Retenido";"Pendiente";"3804.32";"3804.32";"OK";""
"9336";"CIUDAD DE DIOS BISITO";"USD";"Retenido";"Pendiente";"8237.58";"8237.58";"OK";""
"9337";"CIUDAD DE DIOS LUJAN";"USD";"Retenido";"Pendiente";"15580.43";"15580.43";"OK";""
"9338";"CIUDAD DE DIOS LUJAN";"USD";"Retenido";"Pendiente";"15580.43";"15580.43";"OK";""
"9339";"CIUDAD DE DIOS BISITO";"USD";"Retenido";"Pendiente";"6894.14";"6894.14";"OK";""
"9340";"CIUDAD DE DIOS BISITO";"USD";"Retenido";"Pendiente";"8788";"8788";"OK";""
"9341";"OKINAWA";"USD";"Retenido";"Pendiente";"4908.8";"4908.8";"OK";""
"9342";"OKINAWA";"USD";"Retenido";"Pendiente";"3804.32";"3804.32";"OK";""
"9343";"OKINAWA";"USD";"Retenido";"Pendiente";"3804.32";"3804.32";"OK";""
"9344";"CIUDAD DE DIOS BISITO";"USD";"Pendiente";"Pendiente";"8638";"8638";"OK";""
"9345";"OKINAWA";"USD";"Pendiente";"Pendiente";"7032.8";"7032.8";"OK";""
"9346";"OKINAWA";"USD";"Retenido";"Pendiente";"3804.32";"3804.32";"OK";""
"9347";"CIUDAD DE DIOS LUJAN";"USD";"Pendiente";"Pendiente";"9287.56";"9287.56";"OK";""
"9348";"CIUDAD DE DIOS BISITO";"USD";"Pendiente";"Pendiente";"8638";"8638";"OK";""
"9349";"CIUDAD DE DIOS BISITO";"USD";"Pendiente";"Pendiente";"8788";"8788";"OK";""
"9350";"CIUDAD DE DIOS BISITO";"USD";"Pendiente";"Pendiente";"8788";"8788";"OK";""
"9351";"CIUDAD DE DIOS BISITO";"USD";"Retenido";"Pendiente";"8641.5";"8641.5";"OK";""
"9352";"CIUDAD DE DIOS BISITO";"USD";"Retenido";"Pendiente";"8641.5";"8641.5";"OK";""
"9353";"CIUDAD DE DIOS BISITO";"USD";"Pendiente";"Pendiente";"8638";"8638";"OK";""
"9354";"CIUDAD DE DIOS BISITO";"USD";"Pendiente";"Pendiente";"8638";"8638";"OK";""
"9355";"CIUDAD DE DIOS LUJAN";"USD";"Retenido";"Pendiente";"11513.91";"11513.91";"OK";""
"9356";"OKINAWA";"USD";"Retenido";"Pendiente";"4908.8";"4908.8";"OK";""
"9357";"CIUDAD DE DIOS BISITO";"USD";"Pendiente";"Pendiente";"8788";"8788";"OK";""
"9358";"CIUDAD DE DIOS BISITO";"USD";"Pendiente";"Pendiente";"8788";"8788";"OK";""
"9359";"CIUDAD DE DIOS LUJAN";"USD";"Pendiente";"Pendiente";"11513.91";"11513.91";"OK";""
"9360";"CIUDAD DE DIOS LUJAN";"USD";"Pendiente";"Pendiente";"14832.85";"14832.85";"OK";""
"9361";"OKINAWA";"USD";"Retenido";"Pendiente";"3804.32";"3804.32";"OK";""
"9362";"CIUDAD DE DIOS LUJAN";"USD";"Pendiente";"Pendiente";"14962.32";"14962.32";"OK";""
"9363";"CIUDAD DE DIOS BISITO";"USD";"Retenido";"Pendiente";"8437.72";"8437.72";"OK";""
"9364";"CIUDAD DE DIOS LUJAN";"USD";"Retenido";"Pendiente";"9287.56";"9287.56";"OK";""
"9365";"CIUDAD DE DIOS LUJAN";"USD";"Retenido";"Pendiente";"14728.3";"14728.3";"OK";""
"9366";"CIUDAD DE DIOS BISITO";"USD";"Retenido";"Pendiente";"10631.86";"10631.86";"OK";""
"9367";"CIUDAD DE DIOS BISITO";"USD";"Pendiente";"Pendiente";"8939.8";"8939.8";"OK";""
"9368";"CIUDAD DE DIOS BISITO";"USD";"Pendiente";"Pendiente";"8788";"8788";"OK";""
"9369";"CIUDAD DE DIOS BISITO";"USD";"Pendiente";"Pendiente";"8027.2";"8027.2";"OK";""
"9370";"CIUDAD DE DIOS LUJAN";"USD";"Pendiente";"Pendiente";"9287.56";"9287.56";"OK";""
"9371";"CIUDAD DE DIOS LUJAN";"USD";"Pendiente";"Pendiente";"9287.56";"9287.56";"OK";""
"9372";"OKINAWA";"USD";"Retenido";"Pendiente";"6220";"6220";"OK";""
"9373";"CIUDAD DE DIOS BISITO";"USD";"Pendiente";"Pendiente";"7377.2";"6877.2";"ERROR";"1"
"9374";"CIUDAD DE DIOS BISITO";"USD";"Fusionado";"Fusionado";"0";"0";"OK";""
"9375";"OKINAWA";"USD";"Retenido";"Pendiente";"5463.35";"5463.35";"OK";""
